Code Datawrapper,Bezirksnummer,Bezirksname,Wahlbezirk,Briefwahlbezirksnummer,Bezirk + Wahlbezirk),Ost/West,Bundestagswahlkreis,Abgeordnetenhauswahlkreis,Einwohner Anzahl 30.06.2023,Deutsche 18 + Anzahl 30.06.2023,Deutsche 18 + Prozent 30.06.2023,Deutsche 18 + weiblich Anzahl 30.06.2023,Deutsche 18 + weiblich Prozent 30.06.2023,Wahlberechtigte 26.09.2021,Wahlbezirk von der Teilwiederholung betroffen,Name Wahllokal,Adresse
1100,01,Mitte,100,011A,01100,W,75,01,4243,1665,"77,11903659",766,"46,00600601",1639,von Teilwiederholungswahl betroffen,48. Grundschule,"Boyenstr. 1, 13353"
1101,01,Mitte,101,011B,01101,O,75,01,1822,969,"76,47987372",477,"49,22600619",987,von Teilwiederholungswahl betroffen,48. Grundschule,"Boyenstr. 1, 13353 Berlin"
1102,01,Mitte,102,011B,01102,O,75,01,2403,1264,"88,63955119",630,"49,84177215",1312,von Teilwiederholungswahl betroffen,"Jugendfreizeiteinrichtung ""Der Alte""","Wiltbergstr. 27, 13125 Berlin"
1106,01,Mitte,106,011E,01106,O,75,01,2555,1456,"85,64705882",684,"46,97802198",1463,von Teilwiederholungswahl betroffen,studierendenWerk Berlin,"Hannoversche Str. 7, 10115 Berlin"
1107,01,Mitte,107,011F,01107,O,75,01,1826,1092,"81,98198198",512,"46,88644689",1134,von Teilwiederholungswahl betroffen,Volkshochschule Berlin Mitte,"Linienstr. 162, 10115"
1108,01,Mitte,108,011E,01108,O,75,01,2014,1048,"81,55642023",496,"47,32824427",1072,von Teilwiederholungswahl betroffen,studierendenWerk Berlin (2),"Universitätsstr. 1, 10117 Berlin"
1109,01,Mitte,109,011G,01109,W,75,01,1528,1109,"87,18553459",630,"56,80793508",1097,von Teilwiederholungswahl betroffen,Gustav-Falke-Schule,"Stralsunder Str. 43, 13355"
1110,01,Mitte,110,011G,01110,W,75,01,2084,1254,"80,17902813",621,"49,5215311",1287,von Teilwiederholungswahl betroffen,Papageno-Schule,"Bergstr. 58, 10115"
1112,01,Mitte,112,011F,01112,O,75,01,1926,1158,"82,9512894",559,"48,27288428",1179,von Teilwiederholungswahl betroffen,Volkshochschule Berlin Mitte,"Linienstr. 162, 10115"
1113,01,Mitte,113,011I,01113,O,75,01,2566,1454,"79,62760131",685,"47,11141678",1440,von Teilwiederholungswahl betroffen,Papageno-Schule,"Bergstr. 58, 10115"
1117,01,Mitte,117,011I,01117,O,75,01,2441,1301,"77,90419162",675,"51,88316679",1373,von Teilwiederholungswahl betroffen,Schule am Arkonaplatz,"Ruppiner Str. 47, 10115"
1124,01,Mitte,124,011A,01124,W,75,01,3223,1261,"80,52362708",579,"45,91593973",1296,von Teilwiederholungswahl betroffen,"OSZ Banken,Immobilien und Versicherungen","Alt-Moabit 10, 10557"
1227,01,Mitte,227,012N,01227,O,75,02,2918,1502,"84,57207207",678,"45,13981358",1487,von Teilwiederholungswahl betroffen,Kirche St. Michael,"Michaelkirchplatz 15, 10179"
1229,01,Mitte,229,012N,01229,O,75,02,2376,1054,"83,18863457",520,"49,33586338",1091,von Teilwiederholungswahl betroffen,Kirche St. Michael,"Michaelkirchplatz 15, 10179"
1314,01,Mitte,314,013G,01314,W,75,03,1857,1061,"84,40731901",525,"49,48162111",1086,von Teilwiederholungswahl betroffen,"Moabiter-Schule, Aula / Raum 16 ","Paulstr. 28, 10557 Berlin"
1315,01,Mitte,315,013G,01315,W,75,03,1323,791,"85,88490771",375,"47,40834387",803,von Teilwiederholungswahl betroffen,"Anne-Frank-Schule, Raum 0026","Paulstr. 20 B, 10557 Berlin"
1316,01,Mitte,316,013H,01316,W,75,03,2786,1308,"73,0726257",668,"51,07033639",1302,von Teilwiederholungswahl betroffen,"OSZ Banken,Immobilien und Versicherungen","Alt-Moabit 10, 10557"
1323,01,Mitte,323,013H,01323,W,75,03,1632,1132,"85,17682468",508,"44,87632509",1164,von Teilwiederholungswahl betroffen,Anne-Frank-Schule,"Paulstr. 20B, 10557"
1402,01,Mitte,402,014B,01402,W,75,04,2999,1325,"83,28095537",599,"45,20754717",1328,von Teilwiederholungswahl betroffen,"Stadtschloss Moabit, Cafè ","Rostocker Str. 32, 10553 Berlin"
1405,01,Mitte,405,014B,01405,W,75,04,2046,874,"82,29755179",382,"43,70709382",797,von Teilwiederholungswahl betroffen,"Carl-Bolle-Schule, Raum 001 ","Waldenserstr. 21, 10551 Berlin"
1425,01,Mitte,425,014M,01425,W,75,04,2382,1261,"86,48834019",611,"48,45360825",1272,von Teilwiederholungswahl betroffen,Ernst-Schering-Schule,"Lütticher Str. 47, 13353"
1426,01,Mitte,426,014M,01426,W,75,04,2184,1223,"87,17034925",583,"47,66966476",1257,von Teilwiederholungswahl betroffen,Ernst-Schering-Schule,"Lütticher Str. 47, 13353"
1511,01,Mitte,511,015F,01511,W,75,05,1876,1121,"78,06406685",612,"54,5941124",1088,von Teilwiederholungswahl betroffen,OSZ Gesundheit I,"Schwyzer Str. 6, 13349"
1518,01,Mitte,518,015J,01518,W,75,05,2733,1260,"78,26086957",640,"50,79365079",1274,von Teilwiederholungswahl betroffen,Erika-Mann-Schule,"Malplaquetstr. 29, 13347"
1519,01,Mitte,519,015J,01519,W,75,05,2524,1368,"82,80871671",650,"47,51461988",1326,von Teilwiederholungswahl betroffen,Erika-Mann-Schule,"Malplaquetstr. 29, 13347"
1520,01,Mitte,520,015F,01520,W,75,05,2786,1313,"79,86618005",643,"48,97182026",1347,von Teilwiederholungswahl betroffen,Lange-Schucke-Stiftung (2),"Iranische Str. 5, 13347"
1601,01,Mitte,601,016B,01601,W,75,06,1409,829,"81,83613031",434,"52,3522316",824,von Teilwiederholungswahl betroffen,Andersen-Schule,"Kattegatstr. 26, 13359"
1602,01,Mitte,602,016B,01602,W,75,06,1678,1094,"87,94212219",556,"50,8226691",1134,von Teilwiederholungswahl betroffen,Seniorenwohnhaus,"Wilhelm-Kuhr-Str. 50, 13359"
1620,01,Mitte,620,016K,01620,W,75,06,2465,1001,"74,36849926",472,"47,15284715",1017,von Teilwiederholungswahl betroffen,Albert-Gutzmann-Schule,"Orthstr. 1, 13357"
1621,01,Mitte,621,016K,01621,W,75,06,2102,1002,"81,06796117",496,"49,500998",999,von Teilwiederholungswahl betroffen,Albert-Gutzmann-Schule,"Orthstr. 1, 13357"
1710,01,Mitte,710,017F,01710,W,75,07,2752,1273,"82,23514212",594,"46,66142969",1335,von Teilwiederholungswahl betroffen,Schule am Zille-Park,"Ravenéstr. 12, 13347"
1711,01,Mitte,711,017F,01711,W,75,07,2048,1184,"81,31868132",585,"49,40878378",1155,von Teilwiederholungswahl betroffen,Leo-Lionni-Schule,"Müllerstr. 158, 13353"
1718,01,Mitte,718,017J,01718,W,75,07,2189,862,"63,89918458",414,"48,02784223",862,von Teilwiederholungswahl betroffen,Heinrich-Seidel-Schule,"Ramlerstr. 9, 13355"
1721,01,Mitte,721,017J,01721,W,75,07,3418,1484,"68,22988506",725,"48,85444744",1477,von Teilwiederholungswahl betroffen,Heinrich-Seidel-Schule,"Ramlerstr. 9, 13355"
2116,02,Friedrichshain-Kreuzberg,116,021P,02116,W,83,01,1596,1026,"82,3434992",531,"51,75438596",1052,von Teilwiederholungswahl betroffen,Leibniz-Gymnasium,"Schleiermacherstraße 23, 10961"
2124,02,Friedrichshain-Kreuzberg,124,021W,02124,W,83,01,2070,1278,"82,77202073",648,"50,70422535",1300,von Teilwiederholungswahl betroffen,Adolf-Glaßbrenner-Grundschule,"Hagelberger Str. 34, 10965"
2125,02,Friedrichshain-Kreuzberg,125,021X,02125,W,83,01,2200,1320,"79,75830816",709,"53,71212121",1319,von Teilwiederholungswahl betroffen,Adolf-Glaßbrenner-Grundschule,"Hagelberger Str. 34, 10965"
2128,02,Friedrichshain-Kreuzberg,128,021AA,02128,W,83,01,2007,1234,"83,88851122",648,"52,51215559",1220,von Teilwiederholungswahl betroffen,Charlotte-Salomon-Grundschule,"Großbeerenstr. 40, 10965"
2129,02,Friedrichshain-Kreuzberg,129,021AB,02129,W,83,01,1854,1228,"80,20901372",598,"48,6970684",1266,von Teilwiederholungswahl betroffen,Charlotte-Salomon-Grundschule,"Großbeerenstr. 40, 10965"
2201,02,Friedrichshain-Kreuzberg,201,022A,02201,W,83,02,1490,857,"83,6097561",407,"47,49124854",894,von Teilwiederholungswahl betroffen,Bezirksamt Friedrichshain-Kreuzberg,"Schlesische Str. 27A, 10997"
2204,02,Friedrichshain-Kreuzberg,204,022D,02204,W,83,02,1982,1029,"82,1884984",510,"49,56268222",1047,von Teilwiederholungswahl betroffen,Fichtelgebirge-Grundschule,"Görlitzer Ufer 2, 10997"
2208,02,Friedrichshain-Kreuzberg,208,022H,02208,W,83,02,1991,1123,"79,42008487",562,"50,0445236",1138,von Teilwiederholungswahl betroffen,Rosa-Parks-Grundschule,"Reichenberger Straße 64, 10999"
2210,02,Friedrichshain-Kreuzberg,210,022K,02210,W,83,02,1985,1128,"82,33576642",563,"49,91134752",1120,von Teilwiederholungswahl betroffen,Hunsrück-Grundschule,"Manteuffelstr. 79, 10999"
2213,02,Friedrichshain-Kreuzberg,213,022N,02213,W,83,02,2239,1111,"79,58452722",528,"47,52475248",1133,von Teilwiederholungswahl betroffen,Hunsrück-Grundschule,"Manteuffelstr. 79, 10999"
2214,02,Friedrichshain-Kreuzberg,214,022P,02214,W,83,02,1876,912,"76,38190955",436,"47,80701754",919,von Teilwiederholungswahl betroffen,Hunsrück-Grundschule,"Manteuffelstr. 79, 10999"
2217,02,Friedrichshain-Kreuzberg,217,022R,02217,W,83,02,1959,1011,"82,53061224",523,"51,73095945",1079,von Teilwiederholungswahl betroffen,Hermann-Hesse-Gymnasium,"Böckhstraße 36, 10967"
2223,02,Friedrichshain-Kreuzberg,223,022X,02223,W,83,02,1899,836,"66,56050955",452,"54,06698565",823,von Teilwiederholungswahl betroffen,Jugendtreff Drehpunkt,"Urbanstraße 44, 10967"
2224,02,Friedrichshain-Kreuzberg,224,022Y,02224,W,83,02,1615,915,"79,35819601",476,"52,02185792",954,von Teilwiederholungswahl betroffen,Lemgo Grundschule,"Böckhstr. 5, 10967"
2225,02,Friedrichshain-Kreuzberg,225,022Y,02225,W,83,02,1099,702,"82,20140515",380,"54,13105413",699,von Teilwiederholungswahl betroffen,Aziz-Nesin-Grundschule,"Urbanstraße 15, 10961"
2226,02,Friedrichshain-Kreuzberg,226,022Z,02226,W,83,02,1881,1308,"82,47162673",648,"49,5412844",1314,von Teilwiederholungswahl betroffen,Aziz-Nesin-Grundschule,"Urbanstraße 15, 10961"
2318,02,Friedrichshain-Kreuzberg,318,023S,02318,W,83,03,1611,917,"79,32525952",350,"38,16793893",909,von Teilwiederholungswahl betroffen,Stadtteilzentrum des Kotti e.V.,"Oranienstr. 34, 10999"
2320,02,Friedrichshain-Kreuzberg,320,023U,02320,W,83,03,2019,1020,"77,74390244",516,"50,58823529",1061,von Teilwiederholungswahl betroffen,Stadtteilzentrum des Kotti e.V.,"Oranienstr. 34, 10999"
2401,02,Friedrichshain-Kreuzberg,401,024A,02401,O,83,04,1698,1101,"88,29190056",565,"51,31698456",1116,von Teilwiederholungswahl betroffen,Schule am Königstor,"Weinstr. 3, 10249"
2402,02,Friedrichshain-Kreuzberg,402,024B,02402,O,83,04,1643,1079,"85,16179953",575,"53,29008341",1130,von Teilwiederholungswahl betroffen,Schule am Königstor,"Weinstr. 3, 10249"
2403,02,Friedrichshain-Kreuzberg,403,024C,02403,O,83,04,2030,1252,"82,20617203",678,"54,15335463",1269,von Teilwiederholungswahl betroffen,Schule am Königstor,"Weinstr. 3, 10249"
2404,02,Friedrichshain-Kreuzberg,404,024D,02404,O,83,04,1618,1077,"84,27230047",566,"52,55338904",1092,von Teilwiederholungswahl betroffen,Spartacus-Grundschule,"Friedenstr. 40, 10249"
2412,02,Friedrichshain-Kreuzberg,412,024M,02412,O,83,04,1577,1081,"85,93004769",559,"51,71137835",1108,von Teilwiederholungswahl betroffen,Georg-Weerth-Schule,"Eckertstr. 16A, 10249"
2416,02,Friedrichshain-Kreuzberg,416,024R,02416,O,83,04,1743,1277,"87,40588638",617,"48,31636648",1320,von Teilwiederholungswahl betroffen,Jugendclub Feuerwache,"Marchlewskistr. 6, 10243"
2423,02,Friedrichshain-Kreuzberg,423,024Y,02423,O,83,04,2559,1127,"82,02328967",575,"51,02040816",1162,von Teilwiederholungswahl betroffen,Andreas-Oberschule,"Koppenstr. 76, 10243"
2518,02,Friedrichshain-Kreuzberg,518,025S,02518,O,83,05,1909,1185,"82,75139665",579,"48,86075949",1221,von Teilwiederholungswahl betroffen,Pettenkofer-Grundschule,"Pettenkoferstr. 20-24, 10247"
2525,02,Friedrichshain-Kreuzberg,525,025Z,02525,O,83,05,1687,978,"84,2377261",441,"45,09202454",1003,von Teilwiederholungswahl betroffen,"Bezirkszentralbibliothek ""Pablo-Neruda""","Frankfurter Allee 14A, 10247"
2601,02,Friedrichshain-Kreuzberg,601,026A,02601,O,83,06,2019,1320,"76,03686636",627,"47,5",1263,von Teilwiederholungswahl betroffen,Thalia-Grundschule,"Alt-Stralau 34, 10245"
2602,02,Friedrichshain-Kreuzberg,602,026B,02602,O,83,06,1284,894,"78,48990342",465,"52,01342282",918,von Teilwiederholungswahl betroffen,Thalia-Grundschule,"Alt-Stralau 34, 10245"
2610,02,Friedrichshain-Kreuzberg,610,026K,02610,O,83,06,1802,1250,"84,11843876",659,"52,72",1280,von Teilwiederholungswahl betroffen,Modersohn-Schule (Grundschule),"Niemannstr. 3, 10245"
2618,02,Friedrichshain-Kreuzberg,618,026T,02618,O,83,06,1659,968,"85,66371681",496,"51,23966942",1016,von Teilwiederholungswahl betroffen,Jane-Goodall-Grundschule,"Scharnweberstr. 19, 10247"
2621,02,Friedrichshain-Kreuzberg,621,026W,02621,O,83,06,1384,796,"81,724846",376,"47,2361809",800,von Teilwiederholungswahl betroffen,Georg-Friedrich-Händel-Oberschule,"Frankfurter Allee 6A, 10247"
2624,02,Friedrichshain-Kreuzberg,624,026Z,02624,O,83,06,1491,875,"86,12204724",369,"42,17142857",929,von Teilwiederholungswahl betroffen,Dathe-Gymnasium,"Helsingforser Str. 11-13, 10243"
3100,03,Pankow,100,031A,03100,O,76,01,1976,1397,"80,33352501",663,"47,45884037",1291,von Teilwiederholungswahl betroffen,Grundschule am Sandhaus,"Wiltbergstr. 37, 13125"
3101,03,Pankow,101,031A,03101,O,76,01,1344,884,"75,29812606",420,"47,51131222",907,von Teilwiederholungswahl betroffen,Grundschule am Sandhaus,"Wiltbergstr. 37, 13125"
3111,03,Pankow,111,031I,03111,O,76,01,1873,1371,"78,16419612",714,"52,07877462",1367,von Teilwiederholungswahl betroffen,"Robert-Havemann-Gymnasium, Cafeteria  3 ","Achillesstr. 79, 13125 Berlin"
3112,03,Pankow,112,031I,03112,O,76,01,2238,1161,"76,03143418",602,"51,85185185",1234,von Teilwiederholungswahl betroffen,"Kindertagesstätte ""Sonnenblume"", Sportraum ","Hofzeichendamm 1, 13125 Berlin"
3113,03,Pankow,113,031K,03113,O,76,01,1904,1494,"82,54143646",761,"50,93708166",1493,von Teilwiederholungswahl betroffen,"Kindertagesstätte Tausendfüßer, Sportraum ","Straße 43 13a, 13125 Berlin"
3114,03,Pankow,114,031K,03114,O,76,01,1254,991,"85,7266436",519,"52,37134208",1011,von Teilwiederholungswahl betroffen,"Grundschule Alt-Karow, Klassenraum-Nr. 04, Neubau ","Bahnhofstr. 32, 13125 Berlin"
3115,03,Pankow,115,031H,03115,O,76,01,1335,986,"78,19191118",499,"50,60851927",981,von Teilwiederholungswahl betroffen,Grundschule im Panketal,"Achillesstr. 31, 13125"
3116,03,Pankow,116,031F,03116,O,76,01,2005,1544,"82,34666667",855,"55,37564767",1546,von Teilwiederholungswahl betroffen,Grundschule im Panketal,"Achillesstr. 31, 13125"
3117,03,Pankow,117,031F,03117,O,76,01,2076,1368,"76,21169916",737,"53,87426901",1439,von Teilwiederholungswahl betroffen,Grundschule im Panketal,"Achillesstr. 31, 13125"
3118,03,Pankow,118,031H,03118,O,76,01,1649,1359,"85,84965256",677,"49,81604121",1369,von Teilwiederholungswahl betroffen,Grundschule Alt-Karow,"Bahnhofstr. 32, 13125"
3119,03,Pankow,119,031L,03119,O,76,01,2019,1404,"79,05405405",679,"48,36182336",1389,von Teilwiederholungswahl betroffen,Jeanne-Barez-Schule,"Hauptstr. 66, 13127"
3120,03,Pankow,120,031N,03120,O,76,01,1854,1153,"72,79040404",586,"50,82393755",1171,von Teilwiederholungswahl betroffen,Jeanne-Barez-Schule,"Hauptstr. 66, 13127"
3121,03,Pankow,121,031N,03121,O,76,01,1812,1280,"79,55251709",625,"48,828125",1245,von Teilwiederholungswahl betroffen,Jeanne-Barez-Schule Filiale,"Berliner Str. 19, 13127"
3122,03,Pankow,122,031M,03122,O,76,01,1618,1269,"83,81770145",649,"51,14263199",1277,von Teilwiederholungswahl betroffen,Schule am Birkenhof,"Arnouxstr. 18, 13127"
3123,03,Pankow,123,031L,03123,O,76,01,1783,1282,"79,08698334",659,"51,40405616",1258,von Teilwiederholungswahl betroffen,Kindertagesstätte Schützenstraße,"Schützenstr. 133, 13127"
3124,03,Pankow,124,031H,03124,O,76,01,1447,1112,"82,18773097",589,"52,9676259",1131,von Teilwiederholungswahl betroffen,Grundschule Alt-Karow,"Bahnhofstr. 32, 13125"
3125,03,Pankow,125,031M,03125,O,76,01,1638,1268,"82,44473342",649,"51,1829653",1280,von Teilwiederholungswahl betroffen,Jeanne-Barez-Schule,"Hauptstr. 66, 13127"
3126,03,Pankow,126,031N,03126,O,76,01,1414,1092,"82,85280728",562,"51,46520147",1137,von Teilwiederholungswahl betroffen,Jeanne-Barez-Schule,"Hauptstr. 66, 13127"
3200,03,Pankow,200,032D,03200,O,76,02,1905,1385,"78,69318182",720,"51,98555957",1421,von Teilwiederholungswahl betroffen,Rudolf-Dörrier-Grundschule,"Kastanienallee 59, 13158"
3203,03,Pankow,203,032B,03203,O,76,02,1776,1375,"81,45734597",742,"53,96363636",1389,von Teilwiederholungswahl betroffen,Schule am Birkenhof,"Arnouxstr. 18, 13127"
3204,03,Pankow,204,032C,03204,O,76,02,1586,1172,"81,55880306",626,"53,41296928",1189,von Teilwiederholungswahl betroffen,Schule am Birkenhof,"Arnouxstr. 18, 13127"
3205,03,Pankow,205,032C,03205,O,76,02,1898,1453,"82,83922463",776,"53,40674467",1463,von Teilwiederholungswahl betroffen,Schule am Birkenhof,"Arnouxstr. 18, 13127"
3206,03,Pankow,206,032D,03206,O,76,02,1972,1434,"81,56996587",731,"50,9762901",1427,von Teilwiederholungswahl betroffen,Landhaus Rosenthal,"Hauptstr. 94, 13158"
3207,03,Pankow,207,032F,03207,O,76,02,1642,1201,"80,60402685",613,"51,04079933",1205,von Teilwiederholungswahl betroffen,Rudolf-Dörrier-Grundschule,"Kastanienallee 59, 13158"
3208,03,Pankow,208,032L,03208,O,76,02,1851,1462,"87,02380952",788,"53,89876881",1510,von Teilwiederholungswahl betroffen,Grundschule Wilhelmsruh,"Lessingstr. 44, 13158"
3209,03,Pankow,209,032K,03209,O,76,02,2157,1502,"83,16722038",783,"52,13049268",1536,von Teilwiederholungswahl betroffen,"Kindertagesstätte ""Pfiffikus""","Fontanestr. 83, 13158"
3211,03,Pankow,211,032F,03211,O,76,02,1880,1416,"83,24514991",756,"53,38983051",1404,von Teilwiederholungswahl betroffen,Rudolf-Dörrier-Grundschule,"Kastanienallee 59, 13158"
3212,03,Pankow,212,032G,03212,O,76,02,1990,1437,"81,46258503",762,"53,02713987",1447,von Teilwiederholungswahl betroffen,Max-Delbrück-Gymnasium,"Kuckhoffstr. 2, 13156"
3213,03,Pankow,213,032H,03213,O,76,02,2635,1488,"78,81355932",795,"53,42741935",1409,von Teilwiederholungswahl betroffen,Max-Delbrück-Gymnasium,"Kuckhoffstr. 2, 13156"
3214,03,Pankow,214,032H,03214,O,76,02,2019,1392,"78,68852459",720,"51,72413793",1360,von Teilwiederholungswahl betroffen,Berufliche Schule für Sozialwesen,"Erbeskopfweg 6, 13158"
3215,03,Pankow,215,032E,03215,O,76,02,1709,1327,"83,82817435",691,"52,07234363",1348,von Teilwiederholungswahl betroffen,Berufliche Schule für Sozialwesen,"Erbeskopfweg 6, 13158"
3216,03,Pankow,216,032I,03216,O,76,02,2290,1529,"78,49075975",820,"53,62982341",1544,von Teilwiederholungswahl betroffen,Max-Delbrück-Gymnasium,"Kuckhoffstr. 2, 13156"
3217,03,Pankow,217,032I,03217,O,76,02,1828,1349,"82,50764526",731,"54,18828762",1386,von Teilwiederholungswahl betroffen,Grundschule im Hasengrund,"Straße 18 37, 13156"
3218,03,Pankow,218,032E,03218,O,76,02,1670,1209,"82,18898708",648,"53,59801489",1261,von Teilwiederholungswahl betroffen,Kindertagesstätte Sauseschritt,"Dietzgenstr. 104, 13158"
3219,03,Pankow,219,032K,03219,O,76,02,1909,1453,"84,08564815",769,"52,92498279",1484,von Teilwiederholungswahl betroffen,Grundschule Wilhelmsruh,"Lessingstr. 44, 13158"
3220,03,Pankow,220,032N,03220,O,76,02,2020,1417,"80,55713474",738,"52,08186309",1453,von Teilwiederholungswahl betroffen,Grundschule an den Buchen,"Wilhelm-Wolff-Str. 19, 13156"
3222,03,Pankow,222,032B,03222,O,76,02,1794,1300,"79,9016595",677,"52,07692308",1326,von Teilwiederholungswahl betroffen,Schule am Birkenhof,"Arnouxstr. 18, 13127"
3223,03,Pankow,223,032G,03223,O,76,02,1819,1350,"81,76862508",720,"53,33333333",1401,von Teilwiederholungswahl betroffen,Berufliche Schule für Sozialwesen,"Erbeskopfweg 6, 13158"
3224,03,Pankow,224,032L,03224,O,76,02,1797,1215,81,646,"53,16872428",1244,von Teilwiederholungswahl betroffen,Grundschule Wilhelmsruh,"Lessingstr. 44, 13158"
3300,03,Pankow,300,033A,03300,O,76,03,1708,1297,"82,66411727",671,"51,73477255",1320,von Teilwiederholungswahl betroffen,Jeanne-Barez-Schule Filiale,"Berliner Str. 19, 13127"
3301,03,Pankow,301,033A,03301,O,76,03,1881,1295,"78,48484848",665,"51,35135135",1304,von Teilwiederholungswahl betroffen,Konrad-Duden-Schule,"Rolandstr. 35, 13156"
3302,03,Pankow,302,033E,03302,O,76,03,2271,1603,"84,05873099",889,"55,45851528",1593,von Teilwiederholungswahl betroffen,Panke-Schule,"Klaustaler Str. 21A, 13187"
3304,03,Pankow,304,033B,03304,O,76,03,1749,1382,"88,47631242",795,"57,52532562",1375,von Teilwiederholungswahl betroffen,Konrad-Duden-Schule,"Rolandstr. 35, 13156"
3305,03,Pankow,305,033B,03305,O,76,03,2146,1458,"78,81081081",758,"51,98902606",1515,von Teilwiederholungswahl betroffen,Max-Delbrück-Gymnasium,"Kuckhoffstr. 2, 13156"
3306,03,Pankow,306,033D,03306,O,76,03,2522,1771,"79,09781152",912,"51,49632976",1802,von Teilwiederholungswahl betroffen,Kita Sonne und Mond,"Güllweg 3, 13156"
3307,03,Pankow,307,033E,03307,O,76,03,1786,1348,"82,09500609",738,"54,74777448",1402,von Teilwiederholungswahl betroffen,Panke-Schule,"Klaustaler Str. 21A, 13187"
3308,03,Pankow,308,033F,03308,O,76,03,2227,1451,"76,81312864",773,"53,27360441",1477,von Teilwiederholungswahl betroffen,Schule an der Strauchwiese,"Mendelstr. 54, 13187"
3309,03,Pankow,309,033I,03309,O,76,03,2142,1384,"79,49454337",673,"48,62716763",1373,von Teilwiederholungswahl betroffen,Mendel-Grundschule,"Stiftsweg 3, 13187"
3310,03,Pankow,310,033I,03310,O,76,03,2034,1385,"79,14285714",728,"52,5631769",1388,von Teilwiederholungswahl betroffen,Elizabeth-Shaw-Grundschule,"Grunowstraße 17, 13187"
3311,03,Pankow,311,033D,03311,O,76,03,2139,1552,80,866,"55,79896907",1502,von Teilwiederholungswahl betroffen,Mendel-Grundschule,"Stiftsweg 3, 13187"
3312,03,Pankow,312,033H,03312,O,76,03,2117,1422,"81,02564103",848,"59,63431786",1381,von Teilwiederholungswahl betroffen,Kinder- und Jugendclub - Schabracke,"Pestalozzistr. 8A, 13187"
3313,03,Pankow,313,033G,03313,O,76,03,2110,1447,"77,13219616",745,"51,48583276",1465,von Teilwiederholungswahl betroffen,Kulti - Freizeithaus für Kinder,"Majakowskiring 58, 13156"
3314,03,Pankow,314,033K,03314,O,76,03,2075,1480,"81,18486012",856,"57,83783784",1426,von Teilwiederholungswahl betroffen,Carl-von-Ossietzky-Gymnasium,"Görschstr. 42, 13187"
3315,03,Pankow,315,033K,03315,O,76,03,1822,1193,"75,41087231",629,"52,72422464",1227,von Teilwiederholungswahl betroffen,Carl-von-Ossietzky-Gymnasium,"Görschstr. 42, 13187"
3316,03,Pankow,316,033M,03316,O,76,03,1827,1263,"78,20433437",680,"53,84006334",1259,von Teilwiederholungswahl betroffen,Carl-von-Ossietzky-Gymnasium,"Görschstr. 42, 13187"
3317,03,Pankow,317,033L,03317,O,76,03,2461,1664,"78,04878049",830,"49,87980769",1623,von Teilwiederholungswahl betroffen,Carl-von-Ossietzky-Gymnasium,"Görschstr. 42, 13187"
3318,03,Pankow,318,033M,03318,O,76,03,2068,1289,"77,18562874",680,"52,75407292",1255,von Teilwiederholungswahl betroffen,M24 Jugendkulturzentrum,"Mühlenstr. 24, 13187"
3320,03,Pankow,320,033G,03320,O,76,03,1825,1291,"78,52798054",708,"54,84120837",1341,von Teilwiederholungswahl betroffen,Kindertagesstätte Montessori-Haus,"Pestalozzistr. 9, 13187"
3321,03,Pankow,321,033F,03321,O,76,03,2000,1378,"77,59009009",756,"54,86211901",1255,von Teilwiederholungswahl betroffen,Mendel-Grundschule,"Stiftsweg 3, 13187"
3322,03,Pankow,322,033H,03322,O,76,03,1806,1205,"77,19410634",655,"54,35684647",1218,von Teilwiederholungswahl betroffen,Elizabeth-Shaw-Grundschule,"Grunowstraße 17, 13187"
3323,03,Pankow,323,033L,03323,O,76,03,1755,1098,"72,47524752",577,"52,55009107",1137,von Teilwiederholungswahl betroffen,Carl-von-Ossietzky-Gymnasium,"Görschstr. 42, 13187"
3400,03,Pankow,400,034C,03400,O,76,04,2433,1594,"83,85060494",878,"55,08155583",1374,von Teilwiederholungswahl betroffen,Hagenbeck Oberschule,"Gustav-Adolf-Str. 60, 13086"
3401,03,Pankow,401,034E,03401,O,76,04,2127,1377,"85,52795031",749,"54,3936093",1486,von Teilwiederholungswahl betroffen,Kindertagesstätte EinStein,"Bühringstr. 23, 13086"
3402,03,Pankow,402,034E,03402,O,76,04,2321,1446,"84,85915493",744,"51,45228216",1465,von Teilwiederholungswahl betroffen,Hagenbeck Oberschule,"Gustav-Adolf-Str. 60, 13086"
3403,03,Pankow,403,034F,03403,O,76,04,2156,1490,"84,80364257",761,"51,0738255",1543,von Teilwiederholungswahl betroffen,Bezirksamt Pankow von Berlin,"Amalienstr. 8, 13086"
3405,03,Pankow,405,034G,03405,O,76,04,2164,1545,"83,92178164",822,"53,2038835",1573,von Teilwiederholungswahl betroffen,Bezirksamt Pankow von Berlin,"Berliner Allee 252, 13088"
3406,03,Pankow,406,034I,03406,O,76,04,2066,1706,"89,03966597",951,"55,74443142",1735,von Teilwiederholungswahl betroffen,"Oberstufenzentrum Gastgewerbe, Zugang Haupteingang 1/2 Mensa, Parterre","Buschallee 23a, 13088 Berlin"
3408,03,Pankow,408,034K,03408,O,76,04,2086,1667,"92,15035931",931,"55,84883023",1723,von Teilwiederholungswahl betroffen,Oberstufenzentrum Gastgewerbe,"Buschallee 23A, 13088"
3409,03,Pankow,409,034D,03409,O,76,04,2483,1636,"83,299389",895,"54,70660147",1647,von Teilwiederholungswahl betroffen,Grundschule im Moselviertel,"Brodenbacher Weg 31, 13088"
3410,03,Pankow,410,034G,03410,O,76,04,1907,1284,"80,85642317",673,"52,41433022",1340,von Teilwiederholungswahl betroffen,Bezirksamt Pankow von Berlin,"Berliner Allee 252, 13088"
3411,03,Pankow,411,034D,03411,O,76,04,2085,1647,"87,00475436",802,"48,69459624",1669,von Teilwiederholungswahl betroffen,Bezirksamt Pankow von Berlin,"Darßer Str. 203, 13088"
3412,03,Pankow,412,034C,03412,O,76,04,2222,1510,"81,53347732",754,"49,93377483",1531,von Teilwiederholungswahl betroffen,"Kleingartenanlage ""Gesundheitsquell""e.V.","Malchower Str. 116, 13088"
3416,03,Pankow,416,034F,03416,O,76,04,1747,1321,"83,34384858",743,"56,24526874",1362,von Teilwiederholungswahl betroffen,Hagenbeck Oberschule,"Gustav-Adolf-Str. 60, 13086"
3417,03,Pankow,417,034K,03417,O,76,04,1836,1543,"90,1811806",832,"53,92093325",1568,von Teilwiederholungswahl betroffen,Bezirksamt Pankow von Berlin,"Berliner Allee 252, 13088"
3500,03,Pankow,500,035E,03500,O,76,05,1894,1345,"82,61670762",737,"54,79553903",1345,von Teilwiederholungswahl betroffen,Klecks-Grundschule,"Brixener Str. 40, 13187"
3501,03,Pankow,501,035G,03501,O,76,05,2065,1672,"85,91983556",924,"55,26315789",1617,von Teilwiederholungswahl betroffen,Klecks-Grundschule,"Brixener Str. 40, 13187"
3502,03,Pankow,502,035E,03502,O,76,05,2539,1317,"77,92899408",690,"52,39179954",1289,von Teilwiederholungswahl betroffen,Janusz-Korczak-Oberschule,"Dolomitenstr. 94, 13187"
3503,03,Pankow,503,035H,03503,O,76,05,1893,1360,"80,61647896",720,"52,94117647",1418,von Teilwiederholungswahl betroffen,Klecks-Grundschule,"Brixener Str. 40, 13187"
3504,03,Pankow,504,035I,03504,O,76,05,2192,1375,"78,70635375",726,"52,8",1411,von Teilwiederholungswahl betroffen,Familienzentrum Upsala,"Upsalaer Str. 6, 13189"
3505,03,Pankow,505,035K,03505,O,76,05,1860,1417,"86,34978672",751,"52,99929428",1426,von Teilwiederholungswahl betroffen,Trelleborg-Schule,"Eschengraben 40, 13189"
3506,03,Pankow,506,035M,03506,O,76,05,2765,1706,"83,46379648",844,"49,47245018",1761,von Teilwiederholungswahl betroffen,Trelleborg-Schule,"Eschengraben 40, 13189"
3507,03,Pankow,507,035L,03507,O,76,05,2385,1576,"86,07318405",827,"52,47461929",1497,von Teilwiederholungswahl betroffen,Kurt-Tucholsky-Oberschule,"Neumannstr. 9, 13189"
3508,03,Pankow,508,035I,03508,O,76,05,1896,1419,"84,81769277",782,"55,10923185",1436,von Teilwiederholungswahl betroffen,Kurt-Tucholsky-Oberschule,"Neumannstr. 9, 13189"
3509,03,Pankow,509,035F,03509,O,76,05,1954,1458,"84,47276941",782,"53,6351166",1505,von Teilwiederholungswahl betroffen,"Kinderkrippe ""Sonnenhaus""","Asta-Nielsen-Str. 11, 13189"
3510,03,Pankow,510,035F,03510,O,76,05,2196,1454,"81,274455",792,"54,47042641",1444,von Teilwiederholungswahl betroffen,Grundschule Wolkenstein,"Neumannstr. 65, 13189"
3511,03,Pankow,511,035D,03511,O,76,05,1835,1340,"80,96676737",735,"54,85074627",1339,von Teilwiederholungswahl betroffen,Grundschule Wolkenstein,"Neumannstr. 65, 13189"
3512,03,Pankow,512,035D,03512,O,76,05,1936,1400,"84,23586041",736,"52,57142857",1485,von Teilwiederholungswahl betroffen,Rosa-Luxemburg-Gymnasium,"Borkumstr. 17, 13189"
3513,03,Pankow,513,035C,03513,O,76,05,1737,1414,"86,64215686",762,"53,88967468",1420,von Teilwiederholungswahl betroffen,Rosa-Luxemburg-Gymnasium,"Borkumstr. 17, 13189"
3514,03,Pankow,514,035A,03514,O,76,05,1988,1473,"88,46846847",757,"51,39171758",1506,von Teilwiederholungswahl betroffen,SchuleEins,"Granitzstr. 38, 13189"
3515,03,Pankow,515,035B,03515,O,76,05,3115,1511,"81,06223176",722,"47,78292522",1379,von Teilwiederholungswahl betroffen,Grundschule am Wasserturm,"Tino-Schwierzina-Str. 66, 13089"
3516,03,Pankow,516,035B,03516,O,76,05,2301,1631,"82,49873546",851,"52,17657879",1649,von Teilwiederholungswahl betroffen,Zukunftswerkstatt Heinersdorf,"Romain-Rolland-Str. 112, 13089"
3517,03,Pankow,517,035A,03517,O,76,05,1914,1438,"86,5743528",708,"49,23504868",1440,von Teilwiederholungswahl betroffen,AWO - Kreisverband Berlin-Mitte e.V.,"Romain-Rolland-Str. 138, 13089"
3518,03,Pankow,518,035C,03518,O,76,05,1796,1247,"81,87787262",660,"52,92702486",1285,von Teilwiederholungswahl betroffen,Rosa-Luxemburg-Gymnasium,"Borkumstr. 17, 13189"
3519,03,Pankow,519,035H,03519,O,76,05,1877,1349,"81,75757576",695,"51,51964418",1377,von Teilwiederholungswahl betroffen,Kurt-Tucholsky-Oberschule,"Neumannstr. 9, 13189"
3520,03,Pankow,520,035K,03520,O,76,05,2233,1347,"83,3539604",676,"50,18559762",1398,von Teilwiederholungswahl betroffen,Trelleborg-Schule,"Eschengraben 40, 13189"
3600,03,Pankow,600,036A,03600,O,76,06,2053,1194,"82,45856354",562,"47,06867672",1238,von Teilwiederholungswahl betroffen,Bornholmer Grundschule,"Ibsenstr. 17, 10439"
3601,03,Pankow,601,036A,03601,O,76,06,2126,1322,"83,40694006",690,"52,19364599",1364,von Teilwiederholungswahl betroffen,Bornholmer Grundschule,"Ibsenstr. 17, 10439"
3602,03,Pankow,602,036D,03602,O,76,06,2708,1547,"84,58173866",773,"49,96767938",1557,von Teilwiederholungswahl betroffen,OASE Berlin e.V.,"Schönfließer Str. 7, 10439"
3603,03,Pankow,603,036C,03603,O,76,06,1909,1151,"84,26061493",607,"52,73675065",1168,von Teilwiederholungswahl betroffen,Begegnungsstätte Paul-Robeson-Str.,"Paul-Robeson-Str. 15, 10439"
3604,03,Pankow,604,036C,03604,O,76,06,2158,1366,"79,05092593",672,"49,19472914",1428,von Teilwiederholungswahl betroffen,Begegnungsstätte Paul-Robeson-Str.,"Paul-Robeson-Str. 15, 10439"
3605,03,Pankow,605,036B,03605,O,76,06,1755,1121,"84,09602401",561,"50,04460303",1152,von Teilwiederholungswahl betroffen,Kindertagesstätte Schivelbeiner Straße,"Schivelbeiner Str. 12, 10439"
3606,03,Pankow,606,036E,03606,O,76,06,1983,1234,"80,33854167",600,"48,62236629",1252,von Teilwiederholungswahl betroffen,Kindertagesstätte Schivelbeiner Straße,"Schivelbeiner Str. 12, 10439"
3607,03,Pankow,607,036F,03607,O,76,06,2263,1387,"79,85031664",724,"52,19899063",1390,von Teilwiederholungswahl betroffen,Schule am Falkplatz,"Gleimstr. 49, 10437"
3608,03,Pankow,608,036G,03608,O,76,06,2726,1576,"80,04062976",798,"50,63451777",1610,von Teilwiederholungswahl betroffen,Jugendnetzwerk Lambda,"Sonnenburger Str. 69, 10437"
3609,03,Pankow,609,036H,03609,O,76,06,1555,936,"81,88976378",448,"47,86324786",964,von Teilwiederholungswahl betroffen,Schule am Falkplatz,"Gleimstr. 49, 10437"
3610,03,Pankow,610,036I,03610,O,76,06,1808,1096,"82,6546003",496,"45,25547445",1121,von Teilwiederholungswahl betroffen,Thomas-Mann-Grundschule,"Greifenhagener Str. 58, 10437"
3611,03,Pankow,611,036H,03611,O,76,06,2153,1230,"81,67330677",585,"47,56097561",1243,von Teilwiederholungswahl betroffen,Thomas-Mann-Grundschule,"Greifenhagener Str. 58, 10437"
3612,03,Pankow,612,036I,03612,O,76,06,2528,1344,"79,33884298",694,"51,63690476",1325,von Teilwiederholungswahl betroffen,OSZ Bürowirtschaft und Dienstleistungen,"Pappelallee 30, 10437"
3613,03,Pankow,613,036N,03613,O,76,06,2394,1473,"80,09787928",710,"48,20095044",1522,von Teilwiederholungswahl betroffen,Grundschule im Hofgarten,"Danziger Str. 50, 10435"
3614,03,Pankow,614,036K,03614,O,76,06,1866,1211,"81,16621984",586,"48,38976053",1241,von Teilwiederholungswahl betroffen,OSZ Bürowirtschaft und Dienstleistungen,"Pappelallee 30, 10437"
3615,03,Pankow,615,036N,03615,O,76,06,1532,896,"76,32027257",437,"48,77232143",905,von Teilwiederholungswahl betroffen,Grundschule im Hofgarten,"Danziger Str. 50, 10435"
3616,03,Pankow,616,036M,03616,O,76,06,1255,785,"77,18780728",400,"50,95541401",782,von Teilwiederholungswahl betroffen,Sportjugendzentrum Lychi,"Lychener Str. 75, 10437"
3617,03,Pankow,617,036M,03617,O,76,06,2551,1586,"79,97982854",795,"50,1261034",1620,von Teilwiederholungswahl betroffen,Herbstlaube,"Dunckerstr. 76, 10437"
3618,03,Pankow,618,036P,03618,O,76,06,1338,806,"77,05544933",414,"51,36476427",862,von Teilwiederholungswahl betroffen,Grundschule im Eliashof,"Senefelderstr. 6, 10437"
3619,03,Pankow,619,036L,03619,O,76,06,1619,980,"82,49158249",480,"48,97959184",953,von Teilwiederholungswahl betroffen,Bezirksamt Pankow von Berlin,"Fröbelstr. 17, 10405"
3620,03,Pankow,620,036L,03620,O,76,06,2268,1405,"80,56192661",705,"50,17793594",1421,von Teilwiederholungswahl betroffen,Bezirksamt Pankow von Berlin,"Fröbelstr. 17, 10405"
3621,03,Pankow,621,036B,03621,O,76,06,1952,1280,"85,39026017",605,"47,265625",1350,von Teilwiederholungswahl betroffen,Bornholmer Grundschule,"Ibsenstr. 17, 10439"
3622,03,Pankow,622,036P,03622,O,76,06,1920,1194,"82,80166436",620,"51,92629816",1216,von Teilwiederholungswahl betroffen,Bezirksamt Pankow von Berlin,"Fröbelstr. 17, 10405"
3623,03,Pankow,623,036K,03623,O,76,06,1866,1192,"80,59499662",585,"49,07718121",1214,von Teilwiederholungswahl betroffen,OSZ Bürowirtschaft und Dienstleistungen,"Pappelallee 30, 10437"
3624,03,Pankow,624,036E,03624,O,76,06,2237,1350,"80,88675854",669,"49,55555556",1378,von Teilwiederholungswahl betroffen,Schule am Falkplatz,"Gleimstr. 49, 10437"
3701,03,Pankow,701,037A,03701,O,76,07,2181,1323,"80,76923077",660,"49,88662132",1380,von Teilwiederholungswahl betroffen,"Brotfabrik, Glashaus e.V.","Caligariplatz 1, 13086"
3702,03,Pankow,702,037A,03702,O,76,07,1793,1132,"79,32725999",577,"50,97173145",1135,von Teilwiederholungswahl betroffen,Kindertagesstätte EinStein,"Bühringstr. 23, 13086"
3703,03,Pankow,703,037B,03703,O,76,07,2087,1364,"80,9976247",652,"47,80058651",1390,von Teilwiederholungswahl betroffen,Heinz-Brandt-Oberschule,"Langhansstr. 120, 13086"
3705,03,Pankow,705,037D,03705,O,76,07,1759,1083,"77,41243746",570,"52,63157895",1099,von Teilwiederholungswahl betroffen,Bildungs- und Kulturzentrum Peter Edel,"Berliner Allee 125, 13088"
3707,03,Pankow,707,037K,03707,O,83,07,2165,1447,"86,02853746",763,"52,72978576",1500,von Teilwiederholungswahl betroffen,OSZ Bürowirtschaft u. Dienstleistungen,"Mandelstr. 6, 10409"
3708,03,Pankow,708,037M,03708,O,83,07,2014,1356,"87,59689922",677,"49,92625369",1375,von Teilwiederholungswahl betroffen,OSZ Bürowirtschaft u. Dienstleistungen,"Mandelstr. 6, 10409"
3709,03,Pankow,709,037M,03709,O,83,07,2218,1487,"89,14868106",756,"50,8406187",1401,von Teilwiederholungswahl betroffen,Begegnungsstätte Grellstraße,"Grellstr. 14, 10409"
3712,03,Pankow,712,037F,03712,O,76,07,1978,1492,"86,74418605",821,"55,02680965",1511,von Teilwiederholungswahl betroffen,Immanuel Beratung Prenzlauer Berg,"Dunckerstr. 32, 10439"
3713,03,Pankow,713,037H,03713,O,76,07,1940,1144,"80,67700987",598,"52,27272727",1183,von Teilwiederholungswahl betroffen,Heinrich-Schliemann-Oberschule,"Dunckerstr. 64, 10439"
3714,03,Pankow,714,037G,03714,O,76,07,1635,1135,"82,12735166",577,"50,83700441",1186,von Teilwiederholungswahl betroffen,Wilhelm-von-Humboldt-Schule,"Erich-Weinert-Str. 70, 10439"
3715,03,Pankow,715,037F,03715,O,76,07,1405,1049,"87,8559464",562,"53,57483317",1073,von Teilwiederholungswahl betroffen,Carl-Humann-Grundschule,"Scherenbergstr. 7, 10439"
3716,03,Pankow,716,037E,03716,O,76,07,1999,1350,"85,33501896",689,"51,03703704",1368,von Teilwiederholungswahl betroffen,Carl-Humann-Grundschule,"Scherenbergstr. 7, 10439"
3717,03,Pankow,717,037G,03717,O,76,07,2008,1270,"84,05029782",606,"47,71653543",1324,von Teilwiederholungswahl betroffen,Wilhelm-von-Humboldt-Schule,"Erich-Weinert-Str. 70, 10439"
3718,03,Pankow,718,037B,03718,O,76,07,2095,1367,"78,83506344",654,"47,84198976",1372,von Teilwiederholungswahl betroffen,Schule am Hamburger Platz,"Gustav-Adolf-Str. 21, 13086"
3719,03,Pankow,719,037D,03719,O,76,07,1995,1310,"81,11455108",634,"48,39694656",1308,von Teilwiederholungswahl betroffen,OC 23 - Kinderring-Berlin e.V.,"Langhansstr. 23, 13086"
3720,03,Pankow,720,037H,03720,O,76,07,2019,1335,"83,80414313",676,"50,63670412",1356,von Teilwiederholungswahl betroffen,Heinrich-Schliemann-Oberschule,"Dunckerstr. 64, 10439"
3721,03,Pankow,721,037E,03721,O,76,07,1635,1116,"86,71328671",583,"52,24014337",1154,von Teilwiederholungswahl betroffen,Carl-Humann-Grundschule,"Scherenbergstr. 7, 10439"
3722,03,Pankow,722,037K,03722,O,83,07,1384,1010,"86,54670094",509,"50,3960396",1002,von Teilwiederholungswahl betroffen,OSZ Bürowirtschaft u. Dienstleistungen,"Mandelstr. 6, 10409"
3800,03,Pankow,800,038I,03800,O,83,08,2268,1670,"87,34309623",872,"52,21556886",1657,von Teilwiederholungswahl betroffen,Grundschule am Planetarium,"Ella-Kay-Str. 47, 10405"
3801,03,Pankow,801,038K,03801,O,83,08,1936,1007,"79,16666667",491,"48,75868918",1082,von Teilwiederholungswahl betroffen,Grundschule am Planetarium,"Ella-Kay-Str. 47, 10405"
3802,03,Pankow,802,038I,03802,O,83,08,1777,1117,"82,55728012",569,"50,94001791",1149,von Teilwiederholungswahl betroffen,Kita Zwergenhausen,"Jablonskistr. 33, 10405"
3803,03,Pankow,803,038K,03803,O,83,08,2133,1289,"78,45404747",646,"50,11636928",1287,von Teilwiederholungswahl betroffen,Grundschule an der Marie,"Christburger Str. 7, 10405"
3804,03,Pankow,804,038M,03804,O,83,08,1305,771,"78,27411168",356,"46,17380026",778,von Teilwiederholungswahl betroffen,Grundschule an der Marie,"Christburger Str. 7, 10405"
3805,03,Pankow,805,038L,03805,O,83,08,1614,874,"78,95212285",426,"48,74141876",825,von Teilwiederholungswahl betroffen,Kita Zwergenhausen,"Jablonskistr. 33, 10405"
3806,03,Pankow,806,038M,03806,O,83,08,2179,1353,"82,34936093",713,"52,6977088",1357,von Teilwiederholungswahl betroffen,Volkshochschule Prenzlauer Berg,"Prenzlauer Allee 227, 10405"
3807,03,Pankow,807,038N,03807,O,83,08,1794,1045,"77,06489676",525,"50,23923445",1085,von Teilwiederholungswahl betroffen,Volkshochschule Prenzlauer Berg,"Prenzlauer Allee 227, 10405"
3808,03,Pankow,808,038P,03808,O,83,08,1960,1150,"75,16339869",571,"49,65217391",1174,von Teilwiederholungswahl betroffen,Helene-Haeusler-Schule,"Mendelssohnstr. 10, 10405"
3809,03,Pankow,809,038P,03809,O,83,08,1892,1214,"85,6135402",624,"51,40032949",1221,von Teilwiederholungswahl betroffen,Grundschule im Eliashof,"Senefelderstr. 6, 10437"
3810,03,Pankow,810,038L,03810,O,83,08,2113,1317,"79,3373494",650,"49,35459377",1370,von Teilwiederholungswahl betroffen,Begegnungsstätte Husemannstr.,"Husemannstr. 12, 10435"
3811,03,Pankow,811,038F,03811,O,76,08,2202,1379,"81,50118203",689,"49,96374184",1410,von Teilwiederholungswahl betroffen,Volkshochschule Prenzlauer Berg,"Prenzlauer Allee 227, 10405"
3812,03,Pankow,812,038E,03812,O,76,08,1844,1175,"80,47945205",582,"49,53191489",1150,von Teilwiederholungswahl betroffen,Sportjugendklub Kolle 8,"Kollwitzstr. 8, 10405"
3813,03,Pankow,813,038E,03813,O,76,08,2023,1098,"81,27313101",532,"48,45173042",1150,von Teilwiederholungswahl betroffen,"Jugendkulturzentrum ""Königsstadt""","Saarbrücker Str. 23, 10405"
3814,03,Pankow,814,038G,03814,O,76,08,2697,1528,"80,97509274",722,"47,2513089",1529,von Teilwiederholungswahl betroffen,Grundschule am Teutoburger Platz,"Templiner Str. 1, 10119"
3815,03,Pankow,815,038D,03815,O,76,08,2764,1576,"77,82716049",786,"49,87309645",1614,von Teilwiederholungswahl betroffen,Grundschule am Teutoburger Platz,"Templiner Str. 1, 10119"
3816,03,Pankow,816,038A,03816,O,76,08,1720,1025,"81,86900958",470,"45,85365854",1042,von Teilwiederholungswahl betroffen,Grundschule am Kollwitzplatz,"Knaackstr. 63, 10435"
3817,03,Pankow,817,038A,03817,O,76,08,2133,1272,"83,02872063",630,"49,52830189",1312,von Teilwiederholungswahl betroffen,Grundschule am Kollwitzplatz,"Knaackstr. 63, 10435"
3818,03,Pankow,818,038C,03818,O,76,08,2153,1269,"76,35379061",638,"50,27580772",1339,von Teilwiederholungswahl betroffen,Schule am Senefelderplatz,"Schönhauser Allee 165, 10435"
3819,03,Pankow,819,038C,03819,O,76,08,1802,953,"78,76033058",435,"45,64533054",997,von Teilwiederholungswahl betroffen,Schule am Senefelderplatz,"Schönhauser Allee 165, 10435"
3820,03,Pankow,820,038B,03820,O,76,08,1919,1130,"80,48433048",535,"47,34513274",1185,von Teilwiederholungswahl betroffen,Grundschule im Hofgarten,"Danziger Str. 50, 10435"
3821,03,Pankow,821,038F,03821,O,76,08,1714,1071,"79,62825279",551,"51,44724556",1104,von Teilwiederholungswahl betroffen,Volkshochschule Prenzlauer Berg,"Prenzlauer Allee 227, 10405"
3822,03,Pankow,822,038H,03822,O,76,08,2523,1240,"75,7483201",603,"48,62903226",1296,von Teilwiederholungswahl betroffen,Volkshochschule Prenzlauer Berg,"Prenzlauer Allee 227, 10405"
3823,03,Pankow,823,038B,03823,O,76,08,2004,1290,"80,47411104",666,"51,62790698",1327,von Teilwiederholungswahl betroffen,Volkshochschule Prenzlauer Berg,"Prenzlauer Allee 227, 10405"
3903,03,Pankow,903,039B,03903,O,76,09,2092,1297,"74,84131564",683,"52,65998458",1267,von Teilwiederholungswahl betroffen,Volkshochschule Pankow,"Bizetstr. 41, 13088"
3904,03,Pankow,904,039B,03904,O,76,09,2176,1344,"76,276958",691,"51,41369048",1350,von Teilwiederholungswahl betroffen,Volkshochschule Pankow,"Bizetstr. 41, 13088"
3907,03,Pankow,907,039F,03907,O,83,09,1474,1073,"84,68823994",588,"54,79962721",1107,von Teilwiederholungswahl betroffen,Paul-Lincke-Grundschule,"Pieskower Weg 39, 10409"
3908,03,Pankow,908,039E,03908,O,83,09,1949,1445,"89,5291202",730,"50,51903114",1502,von Teilwiederholungswahl betroffen,Paul-Lincke-Grundschule,"Pieskower Weg 39, 10409"
3909,03,Pankow,909,039E,03909,O,83,09,1258,986,"84,78073947",552,"55,98377282",1019,von Teilwiederholungswahl betroffen,Grundschule im Blumenviertel,"Syringenplatz 30, 10407"
3911,03,Pankow,911,039P,03911,O,83,09,2088,1350,"87,3221216",662,"49,03703704",1388,von Teilwiederholungswahl betroffen,Tesla-Schule,"Rudi-Arndt-Str. 18, 10407"
3913,03,Pankow,913,039I,03913,O,83,09,1479,872,"83,52490421",445,"51,03211009",852,von Teilwiederholungswahl betroffen,Felix-Mendelssohn-Bartholdy-Schule,"Eugen-Schönhaar-Str. 18, 10407"
3914,03,Pankow,914,039L,03914,O,83,09,1841,1146,"81,27659574",557,"48,60383944",1214,von Teilwiederholungswahl betroffen,Felix-Mendelssohn-Bartholdy-Schule,"Eugen-Schönhaar-Str. 18, 10407"
3915,03,Pankow,915,039K,03915,O,83,09,1140,846,"86,41470889",443,"52,36406619",862,von Teilwiederholungswahl betroffen,Bötzow Grundschule,"John-Schehr-Str. 38, 10407"
3916,03,Pankow,916,039L,03916,O,83,09,2140,1296,"76,05633803",649,"50,07716049",1298,von Teilwiederholungswahl betroffen,Kurt-Schwitters-Schule,"Greifswalder Str. 25, 10405"
3917,03,Pankow,917,039N,03917,O,83,09,2396,1499,"78,93628225",792,"52,83522348",1523,von Teilwiederholungswahl betroffen,Kurt-Schwitters-Schule,"Greifswalder Str. 25, 10405"
3918,03,Pankow,918,039M,03918,O,83,09,2161,1409,"80,83763626",760,"53,9389638",1465,von Teilwiederholungswahl betroffen,Begegnungsstätte Am Friedrichshain,"Am Friedrichshain 15, 10407"
3919,03,Pankow,919,039M,03919,O,83,09,1738,1161,"78,12920592",597,"51,42118863",1163,von Teilwiederholungswahl betroffen,Begegnungsstätte Am Friedrichshain,"Am Friedrichshain 15, 10407"
3920,03,Pankow,920,039F,03920,O,83,09,1456,1084,"85,28717545",563,"51,93726937",1093,von Teilwiederholungswahl betroffen,Freizeiteinrichtung Club Atelier 89,"Hanns-Eisler-Str. 7, 10409"
3922,03,Pankow,922,039Q,03922,O,83,09,3216,1727,"68,31487342",873,"50,55008686",1615,von Teilwiederholungswahl betroffen,Berufliches Trainingszentrum,"Hermann-Blankenstein-Str. 32, 10249"
3924,03,Pankow,924,039I,03924,O,83,09,2137,1334,"82,09230769",673,"50,44977511",1400,von Teilwiederholungswahl betroffen,Felix-Mendelssohn-Bartholdy-Schule,"Eugen-Schönhaar-Str. 18, 10407"
3925,03,Pankow,925,039N,03925,O,83,09,2086,1269,"75,0887574",640,"50,43341214",1275,von Teilwiederholungswahl betroffen,Kurt-Schwitters-Schule,"Greifswalder Str. 25, 10405"
3926,03,Pankow,926,039K,03926,O,83,09,2118,1376,"84,72906404",700,"50,87209302",1405,von Teilwiederholungswahl betroffen,Bötzow Grundschule,"John-Schehr-Str. 38, 10407"
4101,04,Charlottenburg-Wilmersdorf,101,041A,04101,W,78,01,1863,1123,"85,3343465",608,"54,14069457",1153,von Teilwiederholungswahl betroffen,Erwin-von-Witzleben-Grundschule,"Halemweg 34, 13627"
4103,04,Charlottenburg-Wilmersdorf,103,041C,04103,W,78,01,1967,1220,"84,19599724",667,"54,67213115",1264,von Teilwiederholungswahl betroffen,Stadtteilzentrum Charlottenburg-Nord,"Halemweg 18, 13627"
4104,04,Charlottenburg-Wilmersdorf,104,041D,04104,W,78,01,1802,1020,"76,23318386",552,"54,11764706",1022,von Teilwiederholungswahl betroffen,Erwin-von-Witzleben-Grundschule,"Halemweg 34, 13627"
4106,04,Charlottenburg-Wilmersdorf,106,041F,04106,W,78,01,1958,1002,"89,7045658",519,"51,79640719",1020,von Teilwiederholungswahl betroffen,Erwin-von-Witzleben-Grundschule,"Halemweg 34, 13627"
4115,04,Charlottenburg-Wilmersdorf,115,041N,04115,W,78,01,1777,1131,"84,84621155",604,"53,4040672",1158,von Teilwiederholungswahl betroffen,Landgericht Berlin,"Tegeler Weg 17-21, 10589"
4117,04,Charlottenburg-Wilmersdorf,117,041Q,04117,W,78,01,1751,1058,"86,22656887",535,"50,56710775",1048,von Teilwiederholungswahl betroffen,Mierendorff-Grundschule,"Mierendorffstraße 20-24, 10589"
4118,04,Charlottenburg-Wilmersdorf,118,041R,04118,W,78,01,1814,1131,"83,40707965",560,"49,51370469",1147,von Teilwiederholungswahl betroffen,Mierendorff-Grundschule,"Mierendorffstraße 20-24, 10589"
4119,04,Charlottenburg-Wilmersdorf,119,041S,04119,W,78,01,2031,1215,"82,70932607",614,"50,53497942",1251,von Teilwiederholungswahl betroffen,Jugendkunstschule,"Nordhauser Straße 22, 10589"
4204,04,Charlottenburg-Wilmersdorf,204,042C,04204,W,80,02,1857,1283,"92,16954023",729,"56,81995323",1337,von Teilwiederholungswahl betroffen,Ev. Friedensgemeinde,"Angerburger Allee 56, 14055"
4206,04,Charlottenburg-Wilmersdorf,206,042D,04206,W,80,02,1741,1166,"85,86156112",605,"51,88679245",1190,von Teilwiederholungswahl betroffen,Dietrich-Bonhoeffer-Grundschule,"Meiningenallee 20-22, 14052"
4211,04,Charlottenburg-Wilmersdorf,211,042I,04211,W,80,02,1682,1082,"85,39857932",578,"53,41959335",1080,von Teilwiederholungswahl betroffen,Ev. Kirchengemeinde Neu-Westend,"Eichenallee 47, 14050"
4216,04,Charlottenburg-Wilmersdorf,216,042N,04216,W,80,02,1682,1289,"87,62746431",714,"55,39177657",1321,von Teilwiederholungswahl betroffen,Heinz-Berggruen-Gymnasium,"Bayernallee 4, 14052"
4220,04,Charlottenburg-Wilmersdorf,220,042S,04220,W,80,02,1983,1178,"82,4929972",630,"53,48047538",1170,von Teilwiederholungswahl betroffen,Wald-Oberschule,"Waldschulallee 95, 14055"
4222,04,Charlottenburg-Wilmersdorf,222,042U,04222,W,80,02,1902,1194,"85,77586207",610,"51,08877722",1238,von Teilwiederholungswahl betroffen,ev. Kirchengemeinde am Lietzensee,"Herbartstraße 4-6, 14057"
4223,04,Charlottenburg-Wilmersdorf,223,042V,04223,W,80,02,1664,1105,"87,7680699",600,"54,29864253",1108,von Teilwiederholungswahl betroffen,FSD LWERK GmbH,"Storkwinkel 7, 10711"
4224,04,Charlottenburg-Wilmersdorf,224,042W,04224,W,80,02,1562,1044,"80,36951501",528,"50,57471264",1070,von Teilwiederholungswahl betroffen,Reinfelder-Schule,"Maikäferpfad 30, 14055"
4226,04,Charlottenburg-Wilmersdorf,226,042I,04226,W,80,02,1506,1097,"85,36964981",620,"56,51777575",1090,von Teilwiederholungswahl betroffen,Heinz-Berggruen-Gymnasium,"Bayernallee 4, 14052"
4304,04,Charlottenburg-Wilmersdorf,304,043D,04304,W,80,03,1766,1037,"81,26959248",518,"49,95178399",1052,von Teilwiederholungswahl betroffen,"OSZ Kraftfahrzeugtechnik, Raum E 10 EG","Gierkeplatz 44256, 10585 Berlin"
4306,04,Charlottenburg-Wilmersdorf,306,043F,04306,W,80,03,1633,1044,"82,59493671",530,"50,76628352",1063,von Teilwiederholungswahl betroffen,Stadtteilzentrum,"Nehringstraße 8, 14059"
4308,04,Charlottenburg-Wilmersdorf,308,043H,04308,W,80,03,932,757,"91,20481928",370,"48,87714663",776,von Teilwiederholungswahl betroffen,Berufsförderungswerk,"Epiphanienweg 1, 14059"
4310,04,Charlottenburg-Wilmersdorf,310,043J,04310,W,80,03,1804,1138,"85,7573474",599,"52,63620387",1173,von Teilwiederholungswahl betroffen,Hans-Litten-Schule OSZ Recht,"Danckelmannstraße 26-28, 14059"
4311,04,Charlottenburg-Wilmersdorf,311,043K,04311,W,80,03,1551,952,"83,95061728",510,"53,57142857",987,von Teilwiederholungswahl betroffen,Hans-Litten-Schule OSZ Recht,"Danckelmannstraße 26-28, 14059"
4313,04,Charlottenburg-Wilmersdorf,313,043L,04313,W,80,03,1750,1174,"86,13352898",682,"58,09199319",1203,von Teilwiederholungswahl betroffen,Lietzensee Grundschule,"Witzlebenstraße 34/35, 14057"
4316,04,Charlottenburg-Wilmersdorf,316,043P,04316,W,80,03,1687,1146,"85,77844311",612,"53,40314136",1188,von Teilwiederholungswahl betroffen,Peter-Ustinov-Schule,"Kuno-Fischer-Straße 22-26, 14057"
4317,04,Charlottenburg-Wilmersdorf,317,043K,04317,W,80,03,1495,1001,"88,97777778",561,"56,04395604",998,von Teilwiederholungswahl betroffen,Peter-Ustinov-Schule,"Kuno-Fischer-Straße 22-26, 14057"
4318,04,Charlottenburg-Wilmersdorf,318,043Q,04318,W,80,03,1482,1132,"88,85400314",609,"53,79858657",1138,von Teilwiederholungswahl betroffen,Peter-Ustinov-Schule,"Kuno-Fischer-Straße 22-26, 14057"
4327,04,Charlottenburg-Wilmersdorf,327,043D,04327,W,80,03,1556,964,"82,88907997",479,"49,68879668",1027,von Teilwiederholungswahl betroffen,"Arno-Fuchs-Schule, Flur B EG","Richard-Wagner-Straße 30, 10585 Berlin"
4328,04,Charlottenburg-Wilmersdorf,328,043H,04328,W,80,03,1616,984,"87,15677591",533,"54,16666667",1022,von Teilwiederholungswahl betroffen,Evang. Kirchengemeinde Epiphanien,"Knobelsdorffstraße 72/74, 14059"
4401,04,Charlottenburg-Wilmersdorf,401,044A,04401,W,80,04,2156,1311,"85,74231524",700,"53,39435545",1343,von Teilwiederholungswahl betroffen,Seniorenwohnhaus OSA,"Otto-Suhr-Allee 91A, 10585"
4409,04,Charlottenburg-Wilmersdorf,409,044H,04409,W,80,04,2029,1271,"86,81693989",687,"54,05192762",1264,von Teilwiederholungswahl betroffen,Schiller-Gymnasium,"Schillerstraße 125-127, 10625"
4424,04,Charlottenburg-Wilmersdorf,424,044V,04424,W,80,04,2046,1168,"87,81954887",599,"51,28424658",1236,von Teilwiederholungswahl betroffen,"Restaurant ""Xantener Eck""","Xantener Straße 1, 10707"
4428,04,Charlottenburg-Wilmersdorf,428,044Y,04428,W,80,04,1843,1190,"85,98265896",628,"52,77310924",1228,von Teilwiederholungswahl betroffen,Eichendorff-Grundschule,"Goethestraße 19-24, 10625"
4501,04,Charlottenburg-Wilmersdorf,501,045A,04501,W,80,05,1838,1116,"79,37411095",574,"51,43369176",1156,von Teilwiederholungswahl betroffen,ABSV Blindenverein,"Auerbachstraße 7, 14193"
4502,04,Charlottenburg-Wilmersdorf,502,045B,04502,W,80,05,1606,1067,"81,57492355",576,"53,98313027",1084,von Teilwiederholungswahl betroffen,ABSV Blindenverein,"Auerbachstraße 7, 14193"
4505,04,Charlottenburg-Wilmersdorf,505,045E,04505,W,80,05,2104,1139,"82,53623188",573,"50,30728709",1055,von Teilwiederholungswahl betroffen,"Deutsche Rentenversicherung H, Lobby EG rechts","Hohenzollerndamm 47, 10713 Berlin"
4509,04,Charlottenburg-Wilmersdorf,509,045H,04509,W,80,05,1559,1126,"88,73128448",630,"55,95026643",1192,von Teilwiederholungswahl betroffen,Schaubühne am Lehniner Platz,"Kurfürstendamm 153, 10709"
4511,04,Charlottenburg-Wilmersdorf,511,045J,04511,W,80,05,2008,1175,"88,14703676",639,"54,38297872",1146,von Teilwiederholungswahl betroffen,Katharina-Heinroth-Grundschule,"Münstersche Straße 16, 10709"
4512,04,Charlottenburg-Wilmersdorf,512,045K,04512,W,80,05,2157,1166,88,603,"51,71526587",1125,von Teilwiederholungswahl betroffen,JKZ Spirale,"Westfälische Straße 16A, 10709"
4513,04,Charlottenburg-Wilmersdorf,513,045J,04513,W,80,05,1316,879,"85,09196515",483,"54,94880546",892,von Teilwiederholungswahl betroffen,JKZ Spirale,"Westfälische Straße 16A, 10709"
4515,04,Charlottenburg-Wilmersdorf,515,045M,04515,W,80,05,1366,851,"84,67661692",449,"52,76145711",893,von Teilwiederholungswahl betroffen,Senatsverwaltung für Stadtentwickelung,"Fehrbelliner Platz 4, 10707"
4516,04,Charlottenburg-Wilmersdorf,516,045M,04516,W,80,05,1545,980,"87,1886121",507,"51,73469388",987,von Teilwiederholungswahl betroffen,Logenhaus Berlin,"Emser Straße 12-13, 10719"
4517,04,Charlottenburg-Wilmersdorf,517,045N,04517,W,80,05,1263,740,"84,28246014",398,"53,78378378",765,von Teilwiederholungswahl betroffen,Otto-von-Guericke-Schule,"Eisenzahnstraße 48, 10709"
4518,04,Charlottenburg-Wilmersdorf,518,045E,04518,W,80,05,1689,966,"80,83682008",515,"53,3126294",1000,von Teilwiederholungswahl betroffen,"Käte-Tresenreuther-Haus, EG ","Humboldtstraße 12, 14193 Berlin"
4519,04,Charlottenburg-Wilmersdorf,519,045P,04519,W,80,05,1908,1239,"90,30612245",654,"52,78450363",1272,von Teilwiederholungswahl betroffen,Ev. Gymnasium zum Grauen Kloster,"Salzbrunner Straße 41, 14193"
4520,04,Charlottenburg-Wilmersdorf,520,045Q,04520,W,80,05,1861,1291,"88,42465753",709,"54,9186677",1351,von Teilwiederholungswahl betroffen,Seniorenclub Herthastraße,"Herthastraße 25A, 14193"
4521,04,Charlottenburg-Wilmersdorf,521,045B,04521,W,80,05,1642,972,"83,3619211",550,"56,58436214",959,von Teilwiederholungswahl betroffen,Seniorenclub Herthastraße,"Herthastraße 25A, 14193"
4523,04,Charlottenburg-Wilmersdorf,523,045S,04523,W,80,05,1472,1117,"86,52207591",633,"56,66965085",1095,von Teilwiederholungswahl betroffen,DRK-Jugendfreizeiteinrichtung,"Plöner Straße 4-18, 14193"
4527,04,Charlottenburg-Wilmersdorf,527,045N,04527,W,80,05,1258,807,"84,67995803",428,"53,03593556",811,von Teilwiederholungswahl betroffen,Deutsche Rentenversicherung H,"Hohenzollerndamm 47, 10713"
4528,04,Charlottenburg-Wilmersdorf,528,045W,04528,W,80,05,1208,777,"91,09026964",402,"51,73745174",812,von Teilwiederholungswahl betroffen,Schaubühne am Lehniner Platz,"Kurfürstendamm 153, 10709"
4601,04,Charlottenburg-Wilmersdorf,601,046A,04601,W,80,06,1621,1042,"85,62037798",530,"50,86372361",1084,von Teilwiederholungswahl betroffen,Kath. KG Sankt Ludwig,"Ludwigkirchplatz 10, 10719"
4602,04,Charlottenburg-Wilmersdorf,602,046B,04602,W,80,06,1675,1069,"88,78737542",544,"50,88868101",1050,von Teilwiederholungswahl betroffen,Kath. KG Sankt Ludwig,"Ludwigkirchplatz 10, 10719"
4604,04,Charlottenburg-Wilmersdorf,604,046D,04604,W,80,06,1927,996,"87,9082083",481,"48,29317269",1028,von Teilwiederholungswahl betroffen,Ev. Kaiser-Wilhelm-Gedächtnis KG,"Lietzenburger Straße 39, 10789"
4605,04,Charlottenburg-Wilmersdorf,605,046D,04605,W,80,06,1585,1052,"86,15888616",544,"51,71102662",1091,von Teilwiederholungswahl betroffen,Universität der Künste L,"Lietzenburger Straße 45, 10789"
4607,04,Charlottenburg-Wilmersdorf,607,046B,04607,W,80,06,1819,1097,"88,46774194",571,"52,05104831",1149,von Teilwiederholungswahl betroffen,Cecilien-Grundschule,"Nikolsburger Platz 5, 10717"
4609,04,Charlottenburg-Wilmersdorf,609,046A,04609,W,80,06,1865,1136,"90,08723236",625,"55,01760563",1150,von Teilwiederholungswahl betroffen,Logenhaus Berlin,"Emser Straße 12-13, 10719"
4612,04,Charlottenburg-Wilmersdorf,612,046I,04612,W,80,06,2114,1333,"88,63031915",704,"52,8132033",1368,von Teilwiederholungswahl betroffen,Hyperion Hotel Berlin,"Prager Straße 12, 10779"
4616,04,Charlottenburg-Wilmersdorf,616,046M,04616,W,80,06,1580,1060,"84,52950558",557,"52,54716981",1015,von Teilwiederholungswahl betroffen,UCW,"Sigmaringer Straße 1, 10713"
4617,04,Charlottenburg-Wilmersdorf,617,046N,04617,W,80,06,2166,1312,"87,58344459",695,"52,97256098",1328,von Teilwiederholungswahl betroffen,Dietrich-Bonhoeffer-Bibliothek,"Brandenburgische Straße 2, 10713"
4618,04,Charlottenburg-Wilmersdorf,618,046P,04618,W,80,06,1720,1146,"85,71428571",593,"51,7452007",1144,von Teilwiederholungswahl betroffen,Comenius-Schule,"Gieselerstraße 4, 10713"
4619,04,Charlottenburg-Wilmersdorf,619,046Q,04619,W,80,06,1654,1091,"87,14057508",536,"49,12923923",1089,von Teilwiederholungswahl betroffen,Comenius-Schule,"Gieselerstraße 4, 10713"
4621,04,Charlottenburg-Wilmersdorf,621,046S,04621,W,80,06,2127,1264,"86,57534247",632,50,1262,von Teilwiederholungswahl betroffen,Leopold-Ullstein-Schule,"Prinzregentenstraße 32, 10715"
4622,04,Charlottenburg-Wilmersdorf,622,046T,04622,W,80,06,1919,1267,"85,09066488",651,"51,38121547",1312,von Teilwiederholungswahl betroffen,Leopold-Ullstein-Schule,"Prinzregentenstraße 32, 10715"
4623,04,Charlottenburg-Wilmersdorf,623,046U,04623,W,80,06,1721,1224,"90,06622517",674,"55,06535948",1263,von Teilwiederholungswahl betroffen,Werner-Bockelmann-Haus,"Bundesallee 49, 10715"
4624,04,Charlottenburg-Wilmersdorf,624,046V,04624,W,80,06,1744,1255,"82,24115334",673,"53,62549801",1238,von Teilwiederholungswahl betroffen,Kath. KG Heilig Kreuz,"Hildegardstraße 3A, 10715"
4625,04,Charlottenburg-Wilmersdorf,625,046W,04625,W,80,06,2030,1194,"86,64731495",628,"52,59631491",1242,von Teilwiederholungswahl betroffen,Marie-Curie-Gymnasium,"Mainzer Straße 20, 10715"
4626,04,Charlottenburg-Wilmersdorf,626,046X,04626,W,80,06,1666,1105,"84,7392638",548,"49,59276018",1143,von Teilwiederholungswahl betroffen,Caritas,"Bundesplatz 18, 10715"
4627,04,Charlottenburg-Wilmersdorf,627,046Y,04627,W,80,06,1679,903,"77,84482759",450,"49,83388704",967,von Teilwiederholungswahl betroffen,Haus der Nachbarschaft,"Straße am Schoelerpark 37, 10715"
4701,04,Charlottenburg-Wilmersdorf,701,047A,04701,W,80,07,1803,1223,"84,40303658",683,"55,84627964",1247,von Teilwiederholungswahl betroffen,Comenius-Schule,"Gieselerstraße 4, 10713"
4703,04,Charlottenburg-Wilmersdorf,703,047C,04703,W,80,07,2225,1243,"85,48830812",635,"51,08608206",1221,von Teilwiederholungswahl betroffen,Friedrich-Ebert-Gymnasium,"Wilhelmsaue 106-108, 10713"
4706,04,Charlottenburg-Wilmersdorf,706,047F,04706,W,80,07,1523,1166,"84,49275362",637,"54,63121784",1168,von Teilwiederholungswahl betroffen,Marie-Curie-Gymnasium,"Mainzer Straße 20, 10715"
4708,04,Charlottenburg-Wilmersdorf,708,047H,04708,W,80,07,1756,1221,"87,46418338",630,"51,5970516",1310,von Teilwiederholungswahl betroffen,Zahnklinik,"Aßmannshauser Straße 4-6, 14197"
4711,04,Charlottenburg-Wilmersdorf,711,047K,04711,W,80,07,1659,1284,"87,70491803",735,"57,24299065",1325,von Teilwiederholungswahl betroffen,Grundschule am Rüdesheimer Platz,"Rüdesheimer Straße 24-30, 14197"
4712,04,Charlottenburg-Wilmersdorf,712,047L,04712,W,80,07,1977,1233,"84,91735537",675,"54,74452555",1306,von Teilwiederholungswahl betroffen,Grundschule am Rüdesheimer Platz,"Rüdesheimer Straße 24-30, 14197"
4713,04,Charlottenburg-Wilmersdorf,713,047M,04713,W,80,07,1756,1220,"86,21908127",673,"55,16393443",1244,von Teilwiederholungswahl betroffen,Grundschule am Rüdesheimer Platz,"Rüdesheimer Straße 24-30, 14197"
4714,04,Charlottenburg-Wilmersdorf,714,047N,04714,W,80,07,1722,1231,"85,07256393",702,"57,02680747",1299,von Teilwiederholungswahl betroffen,Grundschule am Rüdesheimer Platz,"Rüdesheimer Straße 24-30, 14197"
4720,04,Charlottenburg-Wilmersdorf,720,047T,04720,W,80,07,1849,1287,"85,45816733",735,"57,10955711",1264,von Teilwiederholungswahl betroffen,Ev. Kreuzkirchengemeinde,"Hohenzollerndamm 130A, 14199"
4721,04,Charlottenburg-Wilmersdorf,721,047U,04721,W,80,07,1718,1204,"82,74914089",664,"55,14950166",1274,von Teilwiederholungswahl betroffen,Carl-Orff-Grundschule,"Auguste-Viktoria-Straße 57, 14199"
4722,04,Charlottenburg-Wilmersdorf,722,047V,04722,W,80,07,1570,1159,"89,70588235",670,"57,80845557",1154,von Teilwiederholungswahl betroffen,"Carl-Orff-Grundschule, Hort - Mensa Hochparterre rechts","Auguste-Viktoria-Straße 57, 14199 Berlin"
4723,04,Charlottenburg-Wilmersdorf,723,047W,04723,W,80,07,3550,1997,"82,86307054",1109,"55,53329995",1701,von Teilwiederholungswahl betroffen,Alt-Schmargendorf-Grundschule,"Friedrichshaller Straße 12, 14199"
4724,04,Charlottenburg-Wilmersdorf,724,047X,04724,W,80,07,1205,775,"85,92017738",430,"55,48387097",788,von Teilwiederholungswahl betroffen,Cornelsen Verlag GmbH,"Mecklenburgische Straße 46, 14197"
4727,04,Charlottenburg-Wilmersdorf,727,047X,04727,W,80,07,1216,888,"82,91316527",486,"54,72972973",884,von Teilwiederholungswahl betroffen,Max-Planck-Institut,"Lentzeallee 94, 14195"
4804,04,Charlottenburg-Wilmersdorf,804,048D,04804,W,80,01,2235,1199,"82,29238161",565,"47,12260217",1055,von Teilwiederholungswahl betroffen,Fraunhofer Institut / TU,"Pascalstraße 8-9, 10587"
5325,05,Spandau,325,053J,05325,W,78,03,2224,1194,"83,61344538",620,"51,92629816",1242,von Teilwiederholungswahl betroffen,Schule an der Jungfernheide,"Lenther Steig 1, 13629"
5327,05,Spandau,327,053J,05327,W,78,03,1721,1024,"81,85451639",478,"46,6796875",1077,von Teilwiederholungswahl betroffen,Schule an der Jungfernheide,"Lenther Steig 1, 13629"
5516,05,Spandau,516,055T,05516,W,78,05,1651,1203,"80,63002681",603,"50,12468828",1210,von Teilwiederholungswahl betroffen,Vivantes - Ernst-Hoppe-Haus,"Lanzendorfer Weg 30, 14089"
6103,06,Steglitz-Zehlendorf,103,061C,06103,W,79,01,1955,1235,"82,60869565",653,"52,87449393",1262,von Teilwiederholungswahl betroffen,Dunant-Grundschule,"Gritznerstr. 21, 12163"
6105,06,Steglitz-Zehlendorf,105,061E,06105,W,79,01,1785,1152,"84,45747801",612,"53,125",1195,von Teilwiederholungswahl betroffen,Oberstufenzentrum Bürowirtschaft 1,"Florastr. 13, 12163"
6124,06,Steglitz-Zehlendorf,124,061Z,06124,W,79,01,2015,1286,"83,02130407",696,"54,12130638",1268,von Teilwiederholungswahl betroffen,Sachsenwald-Grundschule,"Sachsenwaldstr. 20, 12157"
6126,06,Steglitz-Zehlendorf,126,061AB,06126,W,79,01,1785,1147,"84,2143906",593,"51,70008718",1157,von Teilwiederholungswahl betroffen,Oberstufenzentrum Bürowirtschaft 1,"Florastr. 13, 12163"
6317,06,Steglitz-Zehlendorf,317,063S,06317,W,79,03,1940,1343,"84,51856514",744,"55,39836188",1283,von Teilwiederholungswahl betroffen,Freizeitstätte Süd,"Teltower Damm 226, 14167"
6321,06,Steglitz-Zehlendorf,321,063W,06321,W,79,03,1706,1287,"88,94263994",771,"59,90675991",1277,von Teilwiederholungswahl betroffen,Freizeitstätte Süd,"Teltower Damm 226, 14167"
6323,06,Steglitz-Zehlendorf,323,063Y,06323,W,79,03,1712,1189,"79,53177258",644,"54,16316232",1234,von Teilwiederholungswahl betroffen,Schweizerhof-Grundschule,"Leo-Baeck-Str. 28, 14167"
6325,06,Steglitz-Zehlendorf,325,063AA,06325,W,79,03,2081,1286,"82,33034571",655,"50,93312597",1312,von Teilwiederholungswahl betroffen,Clemens-Brentano-Grundschule,"Kommandantenstr. 83, 12205"
6326,06,Steglitz-Zehlendorf,326,063AB,06326,W,79,03,1792,1209,"81,19543318",668,"55,25227461",1261,von Teilwiederholungswahl betroffen,Athene-Grundschule,"Curtiusstr. 37, 12205"
6407,06,Steglitz-Zehlendorf,407,064G,06407,W,79,04,1873,1323,"86,64047151",682,"51,54950869",1365,von Teilwiederholungswahl betroffen,"Paul-Schneider-Grundschule, Raum 105 (1. OG),Seiteneingang links ","Seydlitzstr. 30, 12249 Berlin"
6410,06,Steglitz-Zehlendorf,410,064K,06410,W,79,04,2028,1241,"81,69848585",659,"53,10233683",1283,von Teilwiederholungswahl betroffen,Giesensdorfer Grundschule,"Ostpreußendamm 63, 12207"
6416,06,Steglitz-Zehlendorf,416,064R,06416,W,79,04,1766,1268,"83,64116095",672,"52,99684543",1308,von Teilwiederholungswahl betroffen,Grundschule am Karpfenteich,"Hildburghauser Str. 135, 12209"
6417,06,Steglitz-Zehlendorf,417,064S,06417,W,79,04,1572,1227,"84,21413864",685,"55,82722086",1286,von Teilwiederholungswahl betroffen,Grundschule am Karpfenteich,"Hildburghauser Str. 135, 12209"
6502,06,Steglitz-Zehlendorf,502,065B,06502,W,79,05,2465,1309,"85,44386423",748,"57,14285714",1327,von Teilwiederholungswahl betroffen,KiJuFam Käseglocke,"Leonorenstr. 65, 12247"
6512,06,Steglitz-Zehlendorf,512,065M,06512,W,79,05,1634,1145,"87,60520275",650,"56,76855895",1224,von Teilwiederholungswahl betroffen,Paul-Schneider-Grundschule,"Seydlitzstr. 30, 12249"
6623,06,Steglitz-Zehlendorf,623,066Y,06623,W,79,06,1727,1371,"85,04962779",805,"58,7162655",1374,von Teilwiederholungswahl betroffen,Wilma-Rudolph-Oberschule,"Am Hegewinkel 2A, 14169"
7117,07,Tempelhof-Schöneberg,117,071R,07117,W,81,01,1590,1087,"86,33836378",572,"52,62189512",1178,von Teilwiederholungswahl betroffen,"Scharmützelsee-Grundschule, untere Sporthalle rechts Zugang Münchener Str. 49","Hohenstaufenstr. 49, 10779 Berlin"
7122,07,Tempelhof-Schöneberg,122,071S,07122,W,81,01,2116,1299,"87,06434316",593,"45,65050038",1335,von Teilwiederholungswahl betroffen,"Finow-Grundschule, Raum 4 Lernförderung ","Welserstr. 16, 10777 Berlin"
7124,07,Tempelhof-Schöneberg,124,071U,07124,W,81,01,1758,1142,"84,7809948",562,"49,21190893",1171,von Teilwiederholungswahl betroffen,"Albert-Einstein-Volkshochschule, Raum 110 barrierefrei über Barbarossastr.","Barbarossaplatz 5, 10781 Berlin"
7125,07,Tempelhof-Schöneberg,125,071V,07125,W,81,01,2242,1151,"79,0521978",547,"47,52389227",1129,von Teilwiederholungswahl betroffen,Universität der Künste,"Grunewaldstr. 2, 10823"
7127,07,Tempelhof-Schöneberg,127,071V,07127,W,81,01,2344,1180,"82,34473133",545,"46,18644068",1171,von Teilwiederholungswahl betroffen,Neumark-Grundschule,"Steinmetzstr. 46, 10783"
7128,07,Tempelhof-Schöneberg,128,071W,07128,W,81,01,2256,1211,"78,73862159",578,"47,72914946",1209,von Teilwiederholungswahl betroffen,Ev. Luther-Kirchengmd. Schöneberg,"Bülowstr. 71, 10783"
7129,07,Tempelhof-Schöneberg,129,071W,07129,W,81,01,2101,1229,"81,0151615",624,"50,77298617",1240,von Teilwiederholungswahl betroffen,Neumark-Grundschule,"Steinmetzstr. 46, 10783"
7214,07,Tempelhof-Schöneberg,214,072L,07214,W,81,02,1726,1102,"82,54681648",562,"50,99818512",1137,von Teilwiederholungswahl betroffen,"Ev. Königin-Luise-u.-Silas-Kirchengem., Kirchengem. - Großer Saal ","Leberstr. 7, 10829 Berlin"
7223,07,Tempelhof-Schöneberg,223,072S,07223,W,81,02,1780,1057,"78,58736059",547,"51,75023652",1090,von Teilwiederholungswahl betroffen,Havelland-Grundschule,"Kolonnenstr. 30, 10829"
7224,07,Tempelhof-Schöneberg,224,072S,07224,W,81,02,3120,1619,"78,28820116",814,"50,27794935",1577,von Teilwiederholungswahl betroffen,Havelland-Grundschule,"Kolonnenstr. 30, 10829"
7419,07,Tempelhof-Schöneberg,419,074N,07419,W,81,04,1631,1100,"82,58258258",606,"55,09090909",1116,von Teilwiederholungswahl betroffen,"Askanisches Gymnasium, Pavillon Raum P2 Eingang Albrechtstr.","Kaiserin-Augusta-Str. 19, 12103 Berlin"
7423,07,Tempelhof-Schöneberg,423,074S,07423,W,81,04,2474,1233,"82,4197861",624,"50,60827251",1274,von Teilwiederholungswahl betroffen,Familien-&Nachbarschaftstreffp.ufaFabrik,"Viktoriastr. 13, 12105"
7428,07,Tempelhof-Schöneberg,428,074S,07428,W,81,04,1744,1187,"85,33429188",619,"52,14827296",1169,von Teilwiederholungswahl betroffen,Paul-Simmel-Grundschule,"Felixstr. 26, 12099"
7503,07,Tempelhof-Schöneberg,503,075B,07503,W,81,05,1725,1160,"86,05341246",582,"50,17241379",1153,von Teilwiederholungswahl betroffen,Kita Seelbuschring,"Seelbuschring 19, 12105"
7504,07,Tempelhof-Schöneberg,504,075B,07504,W,81,05,1810,1190,"85,06075768",591,"49,66386555",1209,von Teilwiederholungswahl betroffen,Eckener-Gymnasium,"Kaiserstr. 17, 12105"
7522,07,Tempelhof-Schöneberg,522,075P,07522,W,81,05,1743,1248,"86,66666667",661,"52,96474359",1276,von Teilwiederholungswahl betroffen,"TSV Mariendorf 1897 Berlin e.V., Vereinsraum ","Rixdorfer Str. 130, 12109 Berlin"
7609,07,Tempelhof-Schöneberg,609,076G,07609,W,81,06,1754,1225,"81,23342175",676,"55,18367347",1213,von Teilwiederholungswahl betroffen,Gustav-Heinemann-Oberschule,"Waldsassener Str. 62, 12279"
7610,07,Tempelhof-Schöneberg,610,076G,07610,W,81,06,1662,1184,"83,14606742",643,"54,30743243",1185,von Teilwiederholungswahl betroffen,Gustav-Heinemann-Oberschule,"Waldsassener Str. 62, 12279"
8101,08,Neukölln,101,081A,08101,W,82,01,1873,1008,"81,81818182",580,"57,53968254",1046,von Teilwiederholungswahl betroffen,Theodor-Storm-Schule,"Hobrechtstr. 76, 12043"
8102,08,Neukölln,102,081AA,08102,W,82,01,1832,1071,"81,88073394",554,"51,72735761",1099,von Teilwiederholungswahl betroffen,Theodor-Storm-Schule,"Hobrechtstr. 76, 12043"
8115,08,Neukölln,115,081L,08115,W,82,01,2007,963,"77,22534082",468,"48,59813084",1000,von Teilwiederholungswahl betroffen,Ernst-Abbe-Gymnasium,"Sonnenallee 79, 12045"
8119,08,Neukölln,119,081Q,08119,W,82,01,1926,1049,"82,46855346",544,"51,85891325",1110,von Teilwiederholungswahl betroffen,Elbe-Schule,"Elbestr. 11, 12045"
8127,08,Neukölln,127,081X,08127,W,82,01,2271,1124,"83,56877323",566,"50,35587189",1145,von Teilwiederholungswahl betroffen,Hans-Fallada-Schule,"Harzer Str. 73, 12059"
8129,08,Neukölln,129,081Z,08129,W,82,01,1564,976,"84,21052632",547,"56,04508197",1009,von Teilwiederholungswahl betroffen,Hans-Fallada-Schule,"Harzer Str. 73, 12059"
8130,08,Neukölln,130,081Z,08130,W,82,01,2264,1011,"80,04750594",499,"49,35707221",1014,von Teilwiederholungswahl betroffen,Hans-Fallada-Schule,"Harzer Str. 73, 12059"
8305,08,Neukölln,305,083E,08305,W,82,03,1981,994,"80,35569927",435,"43,76257545",1046,von Teilwiederholungswahl betroffen,Löwenzahn-Schule,"Drorystr. 3, 12055"
8307,08,Neukölln,307,083E,08307,W,82,03,1956,948,"79,19799499",423,"44,62025316",979,von Teilwiederholungswahl betroffen,Richard Grundschule,"Richardplatz 14, 12055"
8312,08,Neukölln,312,083H,08312,W,82,03,2575,1237,"66,7206041",622,"50,2829426",1255,von Teilwiederholungswahl betroffen,Schule in der Köllnischen Heide,"Hänselstr. 6, 12057"
8313,08,Neukölln,313,083H,08313,W,82,03,2919,1224,"63,12532233",623,"50,89869281",1224,von Teilwiederholungswahl betroffen,Schule in der Köllnischen Heide,"Hänselstr. 6, 12057"
8314,08,Neukölln,314,083H,08314,W,82,03,2482,1202,"74,84433375",576,"47,92013311",1219,von Teilwiederholungswahl betroffen,Schule in der Köllnischen Heide,"Hänselstr. 6, 12057"
8315,08,Neukölln,315,083I,08315,W,82,03,3263,1211,"81,27516779",554,"45,74731627",1305,von Teilwiederholungswahl betroffen,Sonnen-Grundschule,"Dammweg 228, 12057"
8316,08,Neukölln,316,083I,08316,W,82,03,2890,976,"81,26561199",499,"51,12704918",1020,von Teilwiederholungswahl betroffen,Dienstgebäude Blaschkoallee,"Blaschkoallee 32, 12359"
8319,08,Neukölln,319,083K,08319,W,82,03,1685,1057,"78,93950709",558,"52,79091769",1040,von Teilwiederholungswahl betroffen,Schule am Teltowkanal,"Rungiusstr. 46, 12347"
8320,08,Neukölln,320,083K,08320,W,82,03,2649,1171,"76,23697917",568,"48,50555081",1208,von Teilwiederholungswahl betroffen,Schule am Teltowkanal,"Rungiusstr. 46, 12347"
8609,08,Neukölln,609,086H,08609,W,82,06,1804,985,"79,37147462",509,"51,6751269",994,von Teilwiederholungswahl betroffen,"Grundschule am Fliederbusch, Raum 013a, Mehrzweckraum links ","Kornradenstr. 2, 12357 Berlin"
9613,09,Treptow-Köpenick,613,096G,09613,O,84,06,1277,948,"82,86713287",472,"49,78902954",974,von Teilwiederholungswahl betroffen,Friedrichshagener Schule,"Peter-Hille-Str. 7, 12587"
9617,09,Treptow-Köpenick,617,096J,09617,O,84,06,1371,998,"83,79513014",498,"49,8997996",1019,von Teilwiederholungswahl betroffen,Bölsche-Schule,"Aßmannstr. 11, 12587"
9620,09,Treptow-Köpenick,620,096J,09620,O,84,06,1298,1036,"85,54913295",573,"55,30888031",1052,von Teilwiederholungswahl betroffen,Bölsche-Schule,"Aßmannstr. 11, 12587"
9622,09,Treptow-Köpenick,622,096G,09622,O,84,06,1247,931,"80,46672429",490,"52,63157895",945,von Teilwiederholungswahl betroffen,Müggelsee-Schule,"Aßmannstr. 63, 12587"
9623,09,Treptow-Köpenick,623,096M,09623,O,84,06,1191,975,"83,97932817",545,"55,8974359",986,von Teilwiederholungswahl betroffen,"Müggelsee-Schule, Haus B, Mensa -9623","Aßmannstr. 63, 12587 Berlin"
9624,09,Treptow-Köpenick,624,096M,09624,O,84,06,1172,980,"87,73500448",534,"54,48979592",1002,von Teilwiederholungswahl betroffen,"Müggelsee-Schule, Haus D, Eingang E1 ","Aßmannstr. 63, 12587 Berlin"
9625,09,Treptow-Köpenick,625,096L,09625,O,84,06,1201,851,"79,01578459",457,"53,70152761",867,von Teilwiederholungswahl betroffen,"Müggelsee-Schule, Haus D, Eingang E2 ","Aßmannstr. 63, 12587 Berlin"
9626,09,Treptow-Köpenick,626,096L,09626,O,84,06,1187,931,"81,38111888",524,"56,28356606",938,von Teilwiederholungswahl betroffen,"Filiale Müggelsee-Schule, Container Haus D, Raum D003 ","Rahnsdorfer Str. 35, 12587 Berlin"
10107,10,Marzahn-Hellersdorf,107,101D,10107,O,85,01,1608,1277,"85,01997337",659,"51,60532498",1303,von Teilwiederholungswahl betroffen,Selma-Lagerlöf-Grundschule,"Wörlitzer Str. 31, 12689"
10108,10,Marzahn-Hellersdorf,108,101D,10108,O,85,01,2073,1294,"77,71771772",640,"49,45904173",1307,von Teilwiederholungswahl betroffen,Selma-Lagerlöf-Grundschule,"Wörlitzer Str. 31, 12689"
10109,10,Marzahn-Hellersdorf,109,101E,10109,O,85,01,1953,1355,"81,33253301",659,"48,63468635",1372,von Teilwiederholungswahl betroffen,Selma-Lagerlöf-Grundschule,"Wörlitzer Str. 31, 12689"
10110,10,Marzahn-Hellersdorf,110,101E,10110,O,85,01,2193,1334,"84,6984127",679,"50,89955022",1309,von Teilwiederholungswahl betroffen,Selma-Lagerlöf-Grundschule,"Wörlitzer Str. 31, 12689"
10221,10,Marzahn-Hellersdorf,221,102Q,10221,O,85,02,1425,1104,"83,57305072",579,"52,44565217",1141,von Teilwiederholungswahl betroffen,Grundschule an der Geißenweide,"Amanlisweg 40, 12685"
10322,10,Marzahn-Hellersdorf,322,103M,10322,O,85,03,1641,1369,"89,65291421",739,"53,98100804",1384,von Teilwiederholungswahl betroffen,Melanchthon-Gymnasium,"Adele-Sandrock-Str. 73, 12627"
10323,10,Marzahn-Hellersdorf,323,103M,10323,O,85,03,2509,1221,"76,02739726",646,"52,90745291",1050,von Teilwiederholungswahl betroffen,Melanchthon-Gymnasium,"Adele-Sandrock-Str. 73, 12627"
10530,10,Marzahn-Hellersdorf,530,105ZH,10530,O,85,05,1486,1218,"85,47368421",620,"50,90311987",1252,von Teilwiederholungswahl betroffen,"BEST-Sabel-Grundschule Mahlsdorf, Theaterraum (EG) ","Erich-Baron-Weg 118, 12623 Berlin"
10605,10,Marzahn-Hellersdorf,605,106C,10605,O,85,06,1757,1402,"88,28715365",703,"50,14265335",1333,von Teilwiederholungswahl betroffen,"KOMPASS - ""Haus im Stadtteil""","Kummerower Ring 42, 12619"
10606,10,Marzahn-Hellersdorf,606,106C,10606,O,85,06,1898,1215,"82,99180328",631,"51,93415638",1263,von Teilwiederholungswahl betroffen,"KOMPASS - ""Haus im Stadtteil""","Kummerower Ring 42, 12619"
11407,11,Lichtenberg,407,114D,11407,O,86,04,1892,976,"88,72727273",469,"48,05327869",1049,von Teilwiederholungswahl betroffen,Schule am Fennpfuhl,"Alfred-Jung-Str. 19, 10369"
11409,11,Lichtenberg,409,114D,11409,O,86,04,1717,948,"89,43396226",452,"47,67932489",996,von Teilwiederholungswahl betroffen,Schule am Fennpfuhl,"Alfred-Jung-Str. 19, 10369"
11513,11,Lichtenberg,513,115H,11513,O,86,05,1265,989,"86,83055312",497,"50,25278059",1032,von Teilwiederholungswahl betroffen,Friedrichsfelder Grundschule,"Lincolnstr. 67, 10315"
11519,11,Lichtenberg,519,115H,11519,O,86,05,1336,922,"82,17468806",506,"54,88069414",945,von Teilwiederholungswahl betroffen,Friedrichsfelder Grundschule,"Lincolnstr. 67, 10315"
11615,11,Lichtenberg,615,116I,11615,O,86,06,1286,948,"84,04255319",481,"50,73839662",951,von Teilwiederholungswahl betroffen,Lew-Tolstoi-Schule,"Römerweg 120, 10318"
11616,11,Lichtenberg,616,116I,11616,O,86,06,1234,1070,"89,09242298",578,"54,01869159",1077,von Teilwiederholungswahl betroffen,Lew-Tolstoi-Schule,"Römerweg 120, 10318"
12107,12,Reinickendorf,107,121D,12107,W,77,01,1259,867,"84,50292398",457,"52,71049596",865,von Teilwiederholungswahl betroffen,Seniorenwohnanlage Lange-Schucke-Stift.,"Büdnerring 48, 13409"
12108,12,Reinickendorf,108,121D,12108,W,77,01,1680,1155,"88,16793893",629,"54,45887446",1173,von Teilwiederholungswahl betroffen,Seniorenwohnanlage Lange-Schucke-Stift.,"Büdnerring 48, 13409"
12109,12,Reinickendorf,109,121E,12109,W,77,01,1571,830,"78,37582625",444,"53,4939759",891,von Teilwiederholungswahl betroffen,Seniorenwohnanlage Lange-Schucke-Stift.,"Büdnerring 48, 13409"
12110,12,Reinickendorf,110,121E,12110,W,77,01,1448,948,"85,40540541",493,"52,00421941",915,von Teilwiederholungswahl betroffen,Hausotter-Grundschule,"Hausotterplatz 4, 13409"
12111,12,Reinickendorf,111,121F,12111,W,77,01,2265,1072,"82,20858896",534,"49,81343284",1159,von Teilwiederholungswahl betroffen,Hausotter-Grundschule,"Hausotterplatz 4, 13409"
12114,12,Reinickendorf,114,121H,12114,W,77,01,2283,1369,"85,08390305",742,"54,20014609",1430,von Teilwiederholungswahl betroffen,Vivantes Forum für Senioren GmbH,"Teichstr. 44, 13407"
12115,12,Reinickendorf,115,121H,12115,W,77,01,1811,995,"81,02605863",547,"54,97487437",1023,von Teilwiederholungswahl betroffen,Friedrich-Engels-Gymnasium,"Emmentaler Str. 67, 13407"
12119,12,Reinickendorf,119,121K,12119,W,77,01,2362,1244,"77,79862414",593,"47,66881029",1291,von Teilwiederholungswahl betroffen,Gustav-Freytag-Oberschule,"Breitkopfstr. 66-80, 13409"
12120,12,Reinickendorf,120,121K,12120,W,77,01,2322,1266,"82,85340314",657,"51,8957346",1299,von Teilwiederholungswahl betroffen,Hausotter-Grundschule,"Hausotterplatz 4, 13409"
12123,12,Reinickendorf,123,121F,12123,W,77,01,2191,1186,"80,68027211",623,"52,52951096",1208,von Teilwiederholungswahl betroffen,Hausotter-Grundschule,"Hausotterplatz 4, 13409"
12201,12,Reinickendorf,201,122A,12201,W,77,02,1760,1048,"83,2406672",545,"52,00381679",1082,von Teilwiederholungswahl betroffen,Ringelnatz-Grundschule,"Wilhelm-Gericke-Str. 7-13, 13437"
12202,12,Reinickendorf,202,122B,12202,W,77,02,1565,1116,"86,7807154",591,"52,95698925",1158,von Teilwiederholungswahl betroffen,Ringelnatz-Grundschule,"Wilhelm-Gericke-Str. 7-13, 13437"
12203,12,Reinickendorf,203,122C,12203,W,77,02,1638,1129,"82,10909091",560,"49,60141718",1174,von Teilwiederholungswahl betroffen,Alfred-Brehm-Grundschule,"Ascheberger Weg 8A, 13507"
12206,12,Reinickendorf,206,122E,12206,W,77,02,2291,1313,"80,45343137",550,"41,88880427",1304,von Teilwiederholungswahl betroffen,Mercedes-Benz AG,"Holzhauser Str. 11, 13509"
12207,12,Reinickendorf,207,122F,12207,W,77,02,2119,1310,"83,49267049",719,"54,88549618",1328,von Teilwiederholungswahl betroffen,Reineke-Fuchs-Grundschule,"Foxweg 15, 13403"
12208,12,Reinickendorf,208,122E,12208,W,77,02,2027,1194,"80,24193548",648,"54,27135678",1227,von Teilwiederholungswahl betroffen,Reineke-Fuchs-Grundschule,"Foxweg 15, 13403"
12209,12,Reinickendorf,209,122F,12209,W,77,02,2174,1184,"81,65517241",620,"52,36486486",1233,von Teilwiederholungswahl betroffen,Max-Beckmann-Schule,"Auguste-Viktoria-Allee 37, 13403"
12211,12,Reinickendorf,211,122B,12211,W,77,02,1811,1292,"85,39325843",682,"52,78637771",1337,von Teilwiederholungswahl betroffen,Till-Eulenspiegel-Grundschule,"Humboldtstr. 8-13, 13407"
12215,12,Reinickendorf,215,122I,12215,W,77,02,2098,1310,"83,54591837",668,"50,99236641",1351,von Teilwiederholungswahl betroffen,Mark-Twain-Grundschule,"Auguste-Viktoria-Allee 95, 13403"
12225,12,Reinickendorf,225,122A,12225,W,77,02,1692,1088,"83,30781011",528,"48,52941176",1166,von Teilwiederholungswahl betroffen,Ringelnatz-Grundschule,"Wilhelm-Gericke-Str. 7-13, 13437"
12226,12,Reinickendorf,226,122I,12226,W,77,02,1312,962,"90,15932521",508,"52,80665281",971,von Teilwiederholungswahl betroffen,Max-Beckmann-Schule,"Auguste-Viktoria-Allee 37, 13403"
12301,12,Reinickendorf,301,123A,12301,W,77,03,1663,1292,"83,08681672",652,"50,46439628",1325,von Teilwiederholungswahl betroffen,Albrecht-Haushofer-Schule,"Kurzebracker Weg 40-46, 13503"
12304,12,Reinickendorf,304,123D,12304,W,77,03,1303,1002,"87,58741259",547,"54,59081836",1156,von Teilwiederholungswahl betroffen,Freizeitzentrum für Senioren,"Adelheidallee 5-7, 13507"
12309,12,Reinickendorf,309,123D,12309,W,77,03,1852,1316,"81,63771712",739,"56,1550152",1297,von Teilwiederholungswahl betroffen,Ev. Jugend- und fürsorgewerk,"Dambockstr. 76, 13503"
12310,12,Reinickendorf,310,123H,12310,W,77,03,1501,1192,"84,59900639",600,"50,33557047",1189,von Teilwiederholungswahl betroffen,Senioren-Freizeitclub,"Alt-Heiligensee 39, 13503"
12313,12,Reinickendorf,313,123H,12313,W,77,03,1623,1246,"82,90086494",631,"50,64205457",1260,von Teilwiederholungswahl betroffen,Grundschule am Tegelschen Ort,"Gerlindeweg 11-23, 13505"
12317,12,Reinickendorf,317,123K,12317,W,77,03,1790,1281,"89,33054393",726,"56,67447307",1282,von Teilwiederholungswahl betroffen,Seniorenclub Alt-Tegel,"Alt-Tegel 43, 13507"
12318,12,Reinickendorf,318,123I,12318,W,77,03,1483,1168,"86,7112101",608,"52,05479452",1210,von Teilwiederholungswahl betroffen,Grundschule am Tegelschen Ort,"Gerlindeweg 11-23, 13505"
12319,12,Reinickendorf,319,123L,12319,W,77,03,2516,1329,"82,18923933",764,"57,4868322",1364,von Teilwiederholungswahl betroffen,Kita Neheimer Straße,"Neheimer Str. 10, 13507"
12320,12,Reinickendorf,320,123M,12320,W,77,03,1885,1140,"80,96590909",587,"51,49122807",1144,von Teilwiederholungswahl betroffen,Havelmüller Grundschule,"Namslaustr. 49, 13507"
12321,12,Reinickendorf,321,123K,12321,W,77,03,1678,1259,"87,73519164",668,"53,05798253",1287,von Teilwiederholungswahl betroffen,Havelmüller Grundschule,"Namslaustr. 49, 13507"
12322,12,Reinickendorf,322,123M,12322,W,77,03,2008,1343,"83,26100434",708,"52,71779598",1366,von Teilwiederholungswahl betroffen,Havelmüller Grundschule,"Namslaustr. 49, 13507"
12323,12,Reinickendorf,323,123I,12323,W,77,03,1471,1060,"84,93589744",560,"52,83018868",1078,von Teilwiederholungswahl betroffen,Grundschule am Tegelschen Ort,"Gerlindeweg 11-23, 13505"
12324,12,Reinickendorf,324,123L,12324,W,77,03,310,243,"86,17021277",108,"44,44444444",251,von Teilwiederholungswahl betroffen,Fährhaus Saatwinkel,"Im Saatwinkel 15, 13599"
12416,12,Reinickendorf,416,124I,12416,W,77,04,1682,1329,"88,54097268",758,"57,03536494",1354,von Teilwiederholungswahl betroffen,Hoffmann-v.-Fallersleben Schule,"Ziekowstr. 80-88, 13509"
12417,12,Reinickendorf,417,124J,12417,W,77,04,1581,1378,"92,85714286",783,"56,82148041",1389,von Teilwiederholungswahl betroffen,Evangelische Kirchengemeinde,"Alt-Wittenau 71-72, 13437"
12420,12,Reinickendorf,420,124I,12420,W,77,04,1873,1307,"87,24966622",649,"49,65570008",1313,von Teilwiederholungswahl betroffen,Hoffmann-v.-Fallersleben Schule,"Ziekowstr. 80-88, 13509"
12501,12,Reinickendorf,501,125A,12501,W,77,05,1504,1182,"83,71104816",608,"51,43824027",1201,von Teilwiederholungswahl betroffen,Grundschule am Vierrutenberg,"Am Vierrutenberg 59-65, 13469"
12503,12,Reinickendorf,503,125A,12503,W,77,05,1693,1340,"82,81829419",704,"52,53731343",1351,von Teilwiederholungswahl betroffen,Seniorenclub Lübars,"Am Vierrutenberg 2, 13469"
12519,12,Reinickendorf,519,125H,12519,W,77,05,1646,1098,"83,30804249",561,"51,09289617",1080,von Teilwiederholungswahl betroffen,Grundschule an der Peckwisch,"Tornower Weg 26-34, 13439"
12522,12,Reinickendorf,522,125H,12522,W,77,05,1603,801,"71,90305206",441,"55,05617978",786,von Teilwiederholungswahl betroffen,Grundschule an der Peckwisch,"Tornower Weg 26-34, 13439"
12523,12,Reinickendorf,523,125G,12523,W,77,05,2122,1109,"75,0338295",594,"53,56176736",1161,von Teilwiederholungswahl betroffen,Märkische Grundschule,"Dannenwalder Weg 163-165, 13439"
12524,12,Reinickendorf,524,125G,12524,W,77,05,2908,1137,"68,28828829",628,"55,23306948",1105,von Teilwiederholungswahl betroffen,Charlie-Chaplin-Grundschule,"Wilhelmsruher Damm 98, 13439"
12525,12,Reinickendorf,525,125H,12525,W,77,05,1124,755,"82,15451578",396,"52,45033113",783,von Teilwiederholungswahl betroffen,Grundschule an der Peckwisch,"Tornower Weg 26-34, 13439"
12526,12,Reinickendorf,526,125G,12526,W,77,05,2366,1241,"71,56862745",674,"54,31103948",1243,von Teilwiederholungswahl betroffen,Märkische Grundschule,"Dannenwalder Weg 163-165, 13439"
12603,12,Reinickendorf,603,126B,12603,W,77,06,1535,1155,"82,85509326",588,"50,90909091",1188,von Teilwiederholungswahl betroffen,Fürst-Donnersmarck-Haus,"Wildkanzelweg 28, 13465"
12609,12,Reinickendorf,609,126H,12609,W,77,06,1609,1264,"82,50652742",687,"54,35126582",1272,von Teilwiederholungswahl betroffen,Evangelische Schule Frohnau,"Benediktinerstr. 11-19, 13465"
12625,12,Reinickendorf,625,126V,12625,W,77,06,1345,1101,"84,11000764",601,"54,58673933",1122,von Teilwiederholungswahl betroffen,Seniorenfreizeitst. Freie Scholle,"Waidmannsluster Damm 79, 13509"